ticker,date,kronos_disp,kronos_pathvol,kronos_dir,rv20,rv60,ewma,garch,realized_vol,fwd_ret,anchor
SPY,2024-08-01,0.03786784908267832,0.039762827844172406,-0.05310124497073649,0.02104202656238955,0.014904719572482938,0.019626215092267644,0.0187990010813545,0.03948911208537293,-0.0601414069289911,550.8099975585938
SPY,2024-08-08,0.01657253200957508,0.026357988492908616,-0.007270800721104363,0.02703766101054415,0.018711498803477354,0.02621747362771859,0.026554741830874095,0.028599792352178036,0.04724107166427306,518.6599731445312
SPY,2024-08-15,0.024400833061248288,0.03277041590179429,-0.03369254533286339,0.030448959292997575,0.0200826283425694,0.0266419070214122,0.025758426041204784,0.019970413688611948,0.030553723043116196,543.75
SPY,2024-08-22,0.02607085429653914,0.03869192949290896,-0.04981459152417192,0.02879905642795528,0.020589381629679212,0.024865071713679656,0.02332369987945331,0.014672183927349742,-0.004146874994340306,560.6199951171875
SPY,2024-08-29,0.02785435725426328,0.03475306344465733,-0.03267412632087902,0.028014597724794497,0.020671957020348446,0.022546630685605692,0.02133336226036118,0.023081993836523842,-0.015687521310533938,558.2999877929688
SPY,2024-09-06,0.017340780851916735,0.029393974760464122,-0.03589472322024552,0.021745214700446727,0.021520614958284275,0.022652974410512526,0.021385760402983785,0.02460662004492201,0.017101600877723926,549.6099853515625
SPY,2024-09-13,0.03057160315252094,0.035802424041382945,-0.04457935743127525,0.021235858408573446,0.022424514468049585,0.023033572668058742,0.02176845056397845,0.01801676581772547,0.02104363854747403,559.0900268554688
SPY,2024-09-20,0.027073199892805325,0.04317515917984141,-0.055737998412133824,0.020909432978571185,0.022865697779443625,0.022016415667437852,0.020508165542490096,0.007608796417255245,0.0023091595189459533,570.97998046875
SPY,2024-09-27,0.02775359417831807,0.039720815777374206,-0.053225759123620923,0.019802258719973875,0.022860059660872917,0.01925569349385692,0.018222466371328686,0.010129473752046692,-0.007858828097602298,572.2999877929688
SPY,2024-10-04,0.022508090426081387,0.03162338279438901,-0.02553244043712626,0.016523237703928266,0.02281747362476629,0.017298599014817277,0.016822390763703402,0.01742498551513716,0.01452885816269092,567.8200073242188
SPY,2024-10-11,0.024520908662609822,0.026485200884380448,-0.02472316505482136,0.013989333170363409,0.02268766214737016,0.017242040711990217,0.01682474601164562,0.013477562347369547,0.010738261474942357,576.1300048828125
SPY,2024-10-18,0.03394669949258119,0.030680447914586798,-0.021644299733619764,0.01283842848463626,0.021487401135895604,0.016267499908428004,0.016098695586835195,0.010327201192902136,-0.005354717024284985,582.3499755859375
SPY,2024-10-25,0.034317191244160015,0.03236986871114351,-0.03859435818293645,0.013448417017702583,0.020920570249660396,0.014955633130146124,0.015400354689154233,0.020332091828818163,-0.018469311874262644,579.239990234375
SPY,2024-11-01,0.027626618402363797,0.03158116923748597,-0.031684775397531596,0.01626439220230958,0.018225663257312563,0.016957988602404033,0.0175244774103279,0.028800020793735358,0.046338495139941635,568.6400146484375
SPY,2024-11-08,0.031034819492520144,0.03847923601850707,-0.05151251616221717,0.019707357243132884,0.01825875695311231,0.021042151384001066,0.021216637215592388,0.008433269180135882,-0.00380166290169793,595.6099853515625
SPY,2024-11-15,0.030681250146047556,0.043410909770670886,-0.055487473739848046,0.019215521542402872,0.01768572851011018,0.01857047424586724,0.018374861641313987,0.014999976694798392,0.0005391776771416026,593.3499755859375
SPY,2024-11-22,0.0435333161807941,0.049822031960512145,-0.07545323098504357,0.019925387180678888,0.017686919882991103,0.017565557562544794,0.01736367951919218,0.00978400618549656,0.014847048572301041,593.6699829101562
SPY,2024-12-02,0.039707720408231006,0.046451505918908405,-0.0508309243632083,0.016650693595780516,0.016406508312188164,0.015905163447791658,0.01596787234255496,0.006931208571224473,0.00869169989669185,602.5499877929688
SPY,2024-12-09,0.037149637914425125,0.06186904849012694,-0.0800921037451526,0.010504778569861107,0.014967207763790503,0.014087298936107776,0.01468595942613274,0.011062687511604632,-0.00594047311861741,607.8099975585938
SPY,2024-12-16,0.03522846060895924,0.04740606400736789,-0.0613572158929005,0.011176837244513281,0.014567784646663062,0.013314608821907976,0.014834750742607322,0.032005709891601695,-0.02185202238413378,604.2100219726562
SPY,2024-12-23,0.023624004198085625,0.044045535822610726,-0.053798979876546915,0.018422042230273133,0.017238360154008984,0.02008484543365551,0.020520743214290645,0.020038644366686495,-0.0049688558324128005,591.1500244140625
SPY,2024-12-31,0.026357744575810672,0.0344779530369343,-0.035855896122540726,0.02030925401554838,0.017950450986574093,0.02012978933548279,0.01978392461911535,0.018329575026567676,0.0006968334193580202,588.219970703125
SPY,2025-01-08,0.030181497160210697,0.03562127407334682,-0.047205808090047915,0.021962063247283822,0.01805736872220333,0.019766926881049095,0.019031264798461334,0.02383446634417684,0.0070255734486089,588.6300048828125
SPY,2025-01-16,0.021294539402540797,0.02705133722847914,-0.0272149850205422,0.024664753564409284,0.018947905382533763,0.021092404521358427,0.019769690889013567,0.015734733035192933,0.028225652452085647,592.780029296875
SPY,2025-01-24,0.03399237903802026,0.04562806759786558,-0.0638527220719416,0.0199023844503298,0.01917523812106788,0.019800630382886868,0.01806768419631236,0.018263239517947265,-0.007754501864295218,609.75
SPY,2025-01-31,0.02238336638771037,0.0288852764737925,-0.03370088154825661,0.01950329940942801,0.018952759805663768,0.019335801072665304,0.01787368538302849,0.01213177292965395,0.0021133763518299434,605.0399780273438
SPY,2025-02-07,0.025147131360765275,0.03311010021436096,-0.03180385862015595,0.018155407628938105,0.01750363805732378,0.01767221116834251,0.016835930372071123,0.015863674805853732,0.005608292613898025,606.3200073242188
SPY,2025-02-14,0.030214182565236624,0.026054671676213073,-0.027818510535495274,0.01572980811291268,0.01791865551598792,0.017220974021344267,0.01689624537841352,0.0181423065382312,-0.016186549912232,609.72998046875
SPY,2025-02-24,0.01998769148742538,0.034817979199808696,-0.03255679286058547,0.016609856601629638,0.018187784172955572,0.01776530561037127,0.01804380693955792,0.023336805887065486,-0.009647362850563364,599.9400024414062
SPY,2025-03-03,0.018695472964843696,0.027640875353057887,-0.021537858417347837,0.018181708705614173,0.019201970570306395,0.019694240023453605,0.019167069964413044,0.030340015589006498,-0.03121355894760898,594.1799926757812
SPY,2025-03-10,0.021385133091973468,0.02435567601824286,0.003769274993019021,0.022440699999159403,0.020948225943792514,0.022877372854109092,0.020773207840358188,0.037744271422141366,-0.023026643441215112,575.9199829101562
SPY,2025-03-17,0.021148657182564416,0.027403873423923412,0.0157643168852262,0.02761722941819498,0.023370376824594558,0.02749587927757597,0.02401142815586688,0.0176061043931451,0.0020766661994478996,562.8099975585938
SPY,2025-03-24,0.01945477327460359,0.02888667494396906,-0.0038792314087882436,0.028138279929269094,0.02212740603486061,0.02517738452227032,0.01986835102822194,0.029766011616976586,-0.014862207165816769,563.97998046875
SPY,2025-03-31,0.018510706653797393,0.032889128470489984,0.032493621330351954,0.029542629399590722,0.02300490220227575,0.026549535419419956,0.022381956875295518,0.07928272689572968,-0.095043819428091,555.6599731445312
SPY,2025-04-07,0.02697983501993835,0.033207640788027494,0.01098377968760197,0.04602689854771804,0.03170325540196433,0.04850397354187976,0.0548296688335614,0.11200677257819616,0.05517074901787856,505.2799987792969
SPY,2025-04-14,0.027985228206809994,0.032484868901893775,-0.008502010262587264,0.07234531916492673,0.04514006004403646,0.07137684803994924,0.08353294405634011,0.03447844831027029,-0.03829369300399899,533.9400024414062
SPY,2025-04-22,0.026594844234989284,0.02956840198862771,-0.0049336603168961745,0.07340107425091125,0.04573283898251258,0.06381313220854118,0.05968823183504417,0.0371758803601929,0.06947271080010156,513.8800048828125
SPY,2025-04-29,0.03141132727296406,0.03171462376181227,0.005555884318021745,0.07504086261971774,0.04700257775415243,0.05772791142828476,0.042489710965067526,0.01842981623243544,0.022722601415924932,550.8499755859375
SPY,2025-05-06,0.03313956157335148,0.030909652237442187,-0.0011757550171245048,0.06253661166115425,0.04722728915247179,0.050400342577458304,0.026842769731057002,0.034568794295350064,0.03398491991250208,563.510009765625
SPY,2025-05-13,0.02219752889342693,0.023748043698915245,0.002043617163221835,0.03128505173515295,0.048115419215358425,0.047078382312647125,0.03317518563303606,0.010476662885876896,0.02013921508635849,582.989990234375
SPY,2025-05-20,0.02610804274137968,0.026795504226806217,-0.014839219790629419,0.022687796276225566,0.0479503901259506,0.040684620501583856,0.023247742085628468,0.02776055501655879,-0.0062393982717595916,594.8499755859375
SPY,2025-05-28,0.01647536422069818,0.02591488391227359,-0.006556263824357312,0.023873563530581433,0.04815040632164822,0.037819722842099036,0.025909002695700754,0.010692362879401037,0.008321873820710474,591.1500244140625
SPY,2025-06-04,0.02146220222503664,0.025731464353067463,-0.022986124362178863,0.02312311380396958,0.04741839010685575,0.03287882538285531,0.02018144006310339,0.012676626388210587,0.011658178819223498,596.0900268554688
SPY,2025-06-11,0.016248378528684874,0.023521872720574,-0.023247187913280516,0.01699876220625274,0.04622032866284101,0.02893380567399928,0.01786713450838509,0.01770909413208297,-0.00924534546811337,603.0800170898438
SPY,2025-06-18,0.016113500386861077,0.01930102094504778,-0.0006453194932901056,0.018906094257172074,0.04624560773544817,0.026491438053190864,0.019341790682417613,0.015677287642605654,0.015921916272864645,597.530029296875
SPY,2025-06-26,0.01689061997061851,0.02068289047900066,-0.010333589773113565,0.014499401663385019,0.04558547098090942,0.02413356727791583,0.01849088259315511,0.011340755373147495,0.0217185838420335,607.1199951171875
SPY,2025-07-03,0.015979432447306652,0.02468660902157226,-0.027164713733713534,0.014220865653391333,0.03883006370169899,0.021464295371745223,0.016499008722449325,0.012710490325607922,0.008617760624749126,620.4500122070312
SPY,2025-07-11,0.019132224664839638,0.023458949846404856,-0.021676112568195793,0.014336747637434429,0.021959668223111437,0.019485739246872583,0.01621222333590097,0.009096007222160104,0.003541022201384911,625.8200073242188
SPY,2025-07-18,0.01587737417633157,0.02807623575162626,-0.034934927237798445,0.011409663066355604,0.019164027851103747,0.01738428879302997,0.015584669042162016,0.008719078138579488,0.010107345015919774,628.0399780273438
SPY,2025-07-25,0.02608713350469548,0.03242559619644734,-0.04471920180709526,0.009627212317540013,0.016889196630932884,0.015605010126966435,0.014997379622404794,0.006365588489198155,-0.0036951732852152576,634.4199829101562
SPY,2025-08-01,0.01840744703612466,0.030943507930328556,-0.042732688203564004,0.009508900739581619,0.01641491680503884,0.013770485724676144,0.014386816860311031,0.02419603755225575,0.00026889009812747846,632.0800170898438
SPY,2025-08-08,0.01381463909385688,0.029968569739534667,-0.04295303554253911,0.014322452661543483,0.015070622662116728,0.016829226973231654,0.01922235383602771,0.01371416799045058,0.019887927788167434,632.25
SPY,2025-08-15,0.015087876625822767,0.03688838588104575,-0.0574704410412181,0.014998018437863947,0.015291117393574423,0.016016912159017783,0.01735191708382703,0.007640213405835688,-0.014682066804599473,644.9500122070312
SPY,2025-08-22,0.022141438097398578,0.03164162767700964,-0.04538951005109361,0.015150663262746401,0.013239478975640302,0.014297356313191113,0.016094965957422897,0.01693662508071876,0.02081866967273013,635.5499877929688
SPY,2025-08-29,0.015792514665476,0.04097148975823866,-0.061593850737229436,0.016891149723757933,0.01367944471125243,0.014675797708770002,0.016655978184008796,0.014071016239546236,-0.00259226276287021,648.9199829101562
SPY,2025-09-08,0.015730133309429854,0.036481993654584495,-0.055624408556560305,0.013609598709849754,0.01390753444152085,0.014226828389754616,0.016941530246690328,0.00939611558444018,0.015590678259514235,647.239990234375
SPY,2025-09-15,0.015790420773935953,0.0484664776873033,-0.07843560615137676,0.012703037035439731,0.012980564488575224,0.013123161530379936,0.015460991282662054,0.007621429645747301,0.009522426841255566,657.4099731445312
SPY,2025-09-22,0.019765013882391234,0.05027944336156492,-0.08490924110333364,0.011890954987916216,0.012420050549564543,0.011864577192803752,0.014333249456030093,0.010781716603307276,-0.0028366318361539335,663.7000122070312
SPY,2025-09-29,0.027708023360533292,0.052683623169304486,-0.08598225216642146,0.010775687567450768,0.0125912123277836,0.011592725989196565,0.01510212208944508,0.005908429991768912,0.011104318342405153,661.8200073242188
SPY,2025-10-06,0.014563979441309818,0.06399025053812415,-0.09229156759255149,0.007977175885106824,0.012138521166332508,0.010331204786601093,0.013537684876900153,0.028655215142202067,-0.024490158462638936,669.2100219726562
SPY,2025-10-13,0.023137879331472145,0.03972872185110702,-0.05773373499302239,0.016448627941063144,0.014632734501175923,0.017940547007016517,0.026012669884016022,0.01821343660502845,0.017261561911943574,653.02001953125
SPY,2025-10-20,0.016196280024605266,0.0418856850093688,-0.0686062479722506,0.01852417765982266,0.015327310618438084,0.017846895674356596,0.02114995635957073,0.015343777290465233,0.019171132465376474,664.3900146484375
SPY,2025-10-27,0.0175001341627831,0.04600194190531635,-0.07833225888723955,0.019171207850925957,0.0157392583855136,0.017199465565500397,0.018677059491876664,0.016668968894581398,0.007077145968678699,677.25
SPY,2025-11-03,0.021371336555178998,0.044420975708862935,-0.07141159892020017,0.02082539718716438,0.014841294343027028,0.0169964894345529,0.01841641633843577,0.016583446164245584,-0.016393244014133248,682.0599975585938
SPY,2025-11-10,0.014981382484696487,0.03234830278457479,-0.04821320903023261,0.01688397321164966,0.015282145871955291,0.016866448067868328,0.018772730637816627,0.022919762738342616,0.0014297746107384257,670.969970703125
SPY,2025-11-17,0.01658403142665919,0.03213285998001084,-0.04850300932127717,0.018547555452981042,0.016460516476564907,0.018582136398159897,0.02087259063277161,0.022533477952720326,-0.019385056089121274,671.9299926757812
SPY,2025-11-24,0.013740458108477972,0.02938422934443429,-0.03691950272675781,0.020188271453481583,0.017137921976227134,0.01979140075525798,0.022194800714170012,0.01997595609456238,0.03172070545634617,659.030029296875
SPY,2025-12-02,0.013238745828648635,0.045646968963378186,-0.07032755274287712,0.021193205150502232,0.017538091312297645,0.019661373914665603,0.02009470572403487,0.0053443385827023505,0.004927035836317309,680.27001953125
SPY,2025-12-09,0.017623339562934454,0.043001032281839664,-0.0681604506578311,0.019488211866817498,0.017431635241265387,0.017071743473225886,0.01665925776264217,0.012999653126147983,-0.004251119664367904,683.6300048828125
SPY,2025-12-16,0.017548645405875345,0.034540894245538,-0.0558677187674171,0.016982067515124485,0.017734551913804103,0.016128668768922102,0.017168480116017723,0.016184717906512328,0.006004934164394227,680.72998046875
SPY,2025-12-23,0.016513263870954278,0.030488713550057573,-0.05004865367026672,0.014371049823636104,0.018058753138293783,0.01613329263629073,0.017741219960689166,0.006882792008467958,0.003178205137787976,684.8300170898438
SPY,2025-12-31,0.01456439526856805,0.034592302270127925,-0.053847488010041356,0.011493829089076693,0.01810666370620881,0.014240985131758406,0.015798984196084484,0.012178001074655087,0.0037338790198521475,687.010009765625
SPY,2026-01-08,0.017992692041483994,0.033457196041590816,-0.05253690351077749,0.012802731217065754,0.016358934342684667,0.013688800789820326,0.01606097543595524,0.008614324792603534,0.0011304380529563785,689.5800170898438
SPY,2026-01-15,0.01566527401831279,0.034917645922264304,-0.053200742913120165,0.011719997191278765,0.015745017205335592,0.012550477226166028,0.015519877736489204,0.02428800884737488,-0.0020009647765658234,690.3599853515625
SPY,2026-01-23,0.021147067119656096,0.030864293415807657,-0.042208177192501764,0.015025990470876584,0.01672142450607685,0.01658112320594144,0.020827958620182007,0.0067495037581591436,0.007317349406320011,688.97998046875
SPY,2026-01-30,0.015509997557613753,0.029177174593707396,-0.035037655529837466,0.014980611523956919,0.016121661571839706,0.014614847218600761,0.017040026199496083,0.016945392367621003,-0.023942912439369492,694.0399780273438
SPY,2026-02-06,0.013090401404743952,0.01987094273571276,-0.010545461506566862,0.016071472200586086,0.016162526120415906,0.015434804408029176,0.019307478934207114,0.025173182836486903,0.005372080378532286,677.6199951171875
SPY,2026-02-13,0.017225219426760204,0.023583699130943023,-0.015637539012266118,0.02018020533858433,0.016440184684229902,0.01843760715277709,0.022091704030295155,0.009340420479027377,0.011906426599768429,681.27001953125
SPY,2026-02-23,0.02109179448028845,0.024308018113187908,-0.027398833664871204,0.016651326764970154,0.015232847608960086,0.016570422947921624,0.018156265394226878,0.01681063296076671,-0.0050021224889902636,689.4299926757812
SPY,2026-03-02,0.017996569729050095,0.022990425533951874,-0.01882723801231199,0.018380989164709233,0.014998169685339286,0.016548137821329766,0.018322762541360407,0.01826121513348575,-0.02003937197015264,685.989990234375
SPY,2026-03-09,0.017110155544959527,0.022512698391883468,-0.011868558018432876,0.018736319562240554,0.01582703585482925,0.017156188703664595,0.020120786255868862,0.01861683978563544,-0.015120170851822278,672.3800048828125
SPY,2026-03-16,0.013889151157142683,0.0208369825436962,0.014059944199676589,0.016302902641867355,0.01627480329233003,0.017622963395146133,0.020466625973984905,0.0246509742507718,-0.020933542675017427,662.2899780273438
SPY,2026-03-23,0.016130106575009982,0.02743861204098509,0.01933935248210477,0.019082200247370045,0.017060281654508912,0.019904534929010308,0.02347735170969236,0.027781693979371577,-0.022579008076173662,648.5700073242188
SPY,2026-03-30,0.021495349730414302,0.02612354135894063,0.016216692284046864,0.021460409314975445,0.018642745942888953,0.02253218663791009,0.026248001287125358,0.030193182888607364,0.03842635364629566,634.0900268554688
SPY,2026-04-07,0.013164637403027021,0.018430460702336258,0.012788876096040293,0.026244263549265,0.020454733666204795,0.024530362510983627,0.02524262069535158,0.027583531190803052,0.04040605791554138,658.9299926757812
SPY,2026-04-14,0.016307547905480717,0.017749640317638163,0.0016998049323367008,0.028048819795935088,0.021896389572629075,0.025228648692076628,0.024274952846857906,0.01904757931977632,0.032437130653028286,686.0999755859375
SPY,2026-04-21,0.022010245818167025,0.026059008711854403,-0.021818753610708154,0.02520344453231486,0.021427398502312817,0.0236698366989359,0.02098215292786738,0.0149109716617275,0.009059768008563049,708.719970703125
SPY,2026-04-28,0.024310311001238274,0.025006798038516846,-0.016217108599873634,0.020089730911696347,0.021770887486685233,0.021639225224265903,0.01871804576771695,0.011956278242264608,0.003963257354187023,715.1699829101562
SPY,2026-05-05,0.021880803658201775,0.026315364585926305,-0.018902426627943097,0.017170206765878732,0.021407652906729205,0.019534589240440107,0.017350305229788567,0.018346541857608315,0.02922026592264945,718.010009765625
SPY,2026-05-12,0.017310107124846145,0.03416214419738426,-0.03678864346206246,0.014380517433908106,0.020697983087206016,0.01912374996577158,0.018108720260930508,0.01556335627475642,-0.0008795472315559536,739.2999877929688
SPY,2026-05-19,0.014669259208628604,0.02359097787467338,-0.01724527626639988,0.015031154977716264,0.021077512980421775,0.018291848708710937,0.01865574602034736,0.014551363803058786,0.01603537089623337,738.6500244140625
SPY,2026-05-27,0.018510488552491423,0.0289037726676971,-0.024917247974581627,0.014659950917800316,0.020821471432807725,0.017338703119507744,0.017744632926290475,0.006761929758228377,0.011892893613890612,750.5900268554688
SPY,2026-06-03,0.017249506658851936,0.026464523952559216,-0.030536025248040576,0.013357135050987514,0.019989746144358216,0.015250263253532395,0.015719873436865244,0.02759174676391166,-0.030096777398740473,759.5700073242188
SPY,2026-06-10,0.017732404747747555,0.022321448465389297,-0.010169673672818031,0.01821309460307556,0.020966094927898415,0.019270571827981385,0.022578909467867395,0.030116329181041672,0.017857416603903165,737.0499877929688
SPY,2026-06-17,0.02077467012611018,0.02330865796906452,-0.0211513150000615,0.02243972376706035,0.021239077639068175,0.02251650091072338,0.024728693509665143,0.021034147673862934,-0.02304007600247044,750.3300170898438
SPY,2026-06-25,0.018299949367429767,0.025291352918514295,-0.019213862444435778,0.023670491929728442,0.02057604861825027,0.022077274818155503,0.022676588062681177,0.01959013766837505,0.01693078918658623,733.239990234375
SPY,2026-07-02,0.01684193595084262,0.02464212651806945,-0.017523115567097607,0.02553466679468549,0.019667473247417723,0.02144045554716983,0.021201206373279716,0.013437195479913127,0.007946794785332537,745.760009765625
SPY,2026-07-10,0.023625921726923894,0.023844191030303337,-0.01984202701523706,0.022327501717792606,0.018641199857858955,0.019658942427303212,0.01920555528396587,0.01163180128805972,-0.0013179335046070246,751.7100219726562
SPY,2026-07-17,0.02072783283503597,0.02359464506782026,-0.019574364229546518,0.017336092468732155,0.018311546287152206,0.01787363207120951,0.017943626301615768,0.018063977139260345,-0.01684501962188231,750.719970703125
SPY,2026-07-24,0.02248044378788941,0.027108191865926397,-0.021455867357970202,0.01641311633832426,0.018638372309725856,0.017982262310116577,0.019828192413120012,0.022884926439159514,0.0047436820250549155,738.1799926757812
SPY,2026-07-31,0.022460259628642395,0.023785485093388552,-0.022729965492775728,0.017504786953800987,0.019482983883598214,0.019745521649485575,0.02267224234127236,0.024027256600234057,0.035587261521693295,741.6900024414062
AAPL,2024-08-01,0.029456169014249696,0.09180573159806023,-0.12314808906022359,0.03289069325502085,0.03516520576168864,0.0344163196117283,0.03511074765951847,0.05494938625777958,-0.05678763035297116,222.0800018310547
AAPL,2024-08-08,0.026453388565835106,0.059802566997508744,-0.07037616986093016,0.03869811044785907,0.03866696016054224,0.040839698714902,0.03821549653444242,0.028077581446227486,0.055165274846719216,209.82000732421875
AAPL,2024-08-15,0.037842410934921064,0.07538680694691433,-0.12442449335939014,0.03742056575844142,0.03889238219573858,0.03776310203348238,0.03597338697588597,0.014956670774926564,0.02088798931282551,221.72000122070312
AAPL,2024-08-22,0.03797947318737957,0.09845903419401524,-0.1322249494327295,0.03335035392849334,0.03806261396588123,0.03316906606418406,0.03349963882352112,0.015351449299046664,0.0003974987214829668,226.39999389648438
AAPL,2024-08-29,0.03821422654441873,0.10730295613986386,-0.13823387495298467,0.03343423508285034,0.038295194809907784,0.029471832062012947,0.032023211194682766,0.03323344806739112,-0.018313165859349428,226.49000549316406
AAPL,2024-09-06,0.025406332903949686,0.07440098243728807,-0.08696924678536666,0.02396918326999062,0.03887935413514955,0.030429978295910796,0.031429578980061386,0.013993091976081383,0.0017522160234111949,222.3800048828125
AAPL,2024-09-13,0.04127362118274761,0.07712268246869128,-0.12441550267405158,0.02151206287479316,0.032104769550948924,0.027059545152503906,0.030837886360458536,0.04941804284956241,0.02701426718022996,222.77000427246094
AAPL,2024-09-20,0.0436664639878155,0.09186622161621358,-0.13804133885152103,0.03233130973016054,0.03413101519769254,0.03499247750844796,0.03190752087771062,0.011284644651528787,-0.005915970042537776,228.8699951171875
AAPL,2024-09-27,0.0414340710836811,0.10333261234951278,-0.16073216199082488,0.03190745450544468,0.032198550485142544,0.030494372562178754,0.030792700912362494,0.03765478379414969,-0.008164418323313842,227.52000427246094
AAPL,2024-10-04,0.06151088796390987,0.07873690454293931,-0.11893538109374696,0.033136049142526214,0.032880390375551787,0.03242965077474894,0.030881202966583084,0.03399782093499261,0.014822884406822678,225.6699981689453
AAPL,2024-10-11,0.07074740230813946,0.10462761719749339,-0.14911781635666627,0.036651627520690115,0.032252305130801566,0.03277943474662513,0.030731607655987293,0.022618354506340692,0.013487056697889884,229.0399932861328
AAPL,2024-10-18,0.057612311854565765,0.07256117156763614,-0.1017286820665824,0.029030581551549167,0.031107897254415828,0.030334508971355485,0.030290551401833756,0.025956478013530886,-0.006829152440444989,232.14999389648438
AAPL,2024-10-25,0.04202727880779905,0.0694129011245309,-0.09526201743803209,0.03141486823816376,0.031719793048978456,0.02928238658075752,0.030174863995973168,0.025741742589914664,-0.020417829654616967,230.57000732421875
AAPL,2024-11-01,0.06886245196962199,0.06594276552992143,-0.07021058692344326,0.028115182998935746,0.028296534706168105,0.02862669205657506,0.030127154114897768,0.026358805499301575,0.006925597577289511,225.91000366210938
AAPL,2024-11-08,0.03125599737644308,0.040021585249593726,-0.043605355492904826,0.025855963622992643,0.02827625266962545,0.028154988079284127,0.030273629176070474,0.0188261201870911,0.0032477776984340956,227.47999572753906
AAPL,2024-11-15,0.041501873341160685,0.036846017639685445,-0.035387365702160854,0.024978991639239147,0.028486189643843998,0.026079568841961585,0.029800884090985615,0.019882170948214924,0.0013136711971514189,228.22000122070312
AAPL,2024-11-22,0.02277726589995568,0.025198138710396067,-0.009675368291729936,0.023525795010988042,0.02872228011101172,0.02438498854362995,0.029509402679365433,0.019850783497133033,0.037827832864156294,228.52000427246094
AAPL,2024-12-02,0.0448496552806143,0.04914479271188652,-0.06757245570702691,0.021256366783127444,0.027548111811982388,0.02325236135310242,0.029205946593937868,0.015930293401874386,0.022951189765253698,237.3300018310547
AAPL,2024-12-09,0.027505521274192427,0.04575748432469028,-0.06509522180900534,0.017652214079686094,0.02755503472452649,0.021405340589823216,0.028806884156073194,0.018297622072830814,0.02155004686847446,242.83999633789062
AAPL,2024-12-16,0.03543771361295902,0.0399435200308009,-0.042585590406985216,0.016448693316405232,0.024124285616229486,0.020422320783650513,0.028375008476932112,0.03308735408178187,0.02530874202237327,248.1300048828125
AAPL,2024-12-23,0.08258559755241522,0.12023397123970762,-0.15131746723514639,0.019855457313781185,0.025602006906724473,0.02457462517914415,0.028892191761929368,0.022486777026107418,-0.009039152642469992,254.49000549316406
AAPL,2024-12-31,0.09705334447991486,0.11609206732938672,-0.16479960492053167,0.022966512794811284,0.024050593817518225,0.024138051618258778,0.0301987419080169,0.030615711532096683,-0.040417265252838896,252.1999969482422
AAPL,2025-01-08,0.07830221726886798,0.11316747506618711,-0.12734129547912396,0.02749265702668117,0.023936287076462916,0.025857539318502765,0.029998930336330786,0.033318399727625445,-0.018080860752247994,242.2100067138672
AAPL,2025-01-16,0.05164358658072348,0.04502896702554267,-0.04628023272606856,0.03060230137934351,0.025044889059573385,0.02809587426823419,0.03038663105051347,0.05327392281761219,-0.06159722745158832,237.8699951171875
AAPL,2025-01-24,0.027252877128449954,0.04431892148948416,0.0015130366819887482,0.03463120555507422,0.028463959239363033,0.03576770328441873,0.03011331655538044,0.04856833626736965,0.060419425673532465,223.66000366210938
AAPL,2025-01-31,0.030904196034377062,0.029039384048559307,-0.021813338593444663,0.043122746700383456,0.030849069957596877,0.039375547018986226,0.03045769429773237,0.04093878621723352,-0.01856426432081592,237.58999633789062
AAPL,2025-02-07,0.03766174356820069,0.02742533031329261,0.006882669043769692,0.045628838490955635,0.03221070509020422,0.039532605262961776,0.030143911214009916,0.04198060377366241,0.03501146459964163,233.22000122070312
AAPL,2025-02-14,0.021033236796594777,0.027607549220419428,-0.005381229917358366,0.047638141849644454,0.033958594153981,0.040172594812086355,0.030945120366206034,0.013382650528701785,0.016506920987552187,241.52999877929688
AAPL,2025-02-24,0.04984173935956703,0.034449519310158584,-0.03222285678409734,0.03818377641743823,0.03364676503460908,0.035038728307522714,0.030179430293747384,0.03625474468611819,-0.015224269585000285,245.5500030517578
AAPL,2025-03-03,0.037767153791897844,0.03768337591634114,-0.029854550372123593,0.03596833320523392,0.034884054958956946,0.035542955427335286,0.031024786494336334,0.024145138243578546,-0.011519908614447665,241.83999633789062
AAPL,2025-03-10,0.02814292456649302,0.031161750230972014,-0.02631525147295053,0.03165676353211437,0.03528387004748076,0.03288207932905791,0.030549281958138667,0.07178767658284768,-0.11316640781951655,239.07000732421875
AAPL,2025-03-17,0.027575323037275824,0.040788446278566516,0.030646532270829616,0.0412582904913947,0.04027065107907667,0.04583990912550175,0.031666224240409706,0.024201768911076445,0.022142829230644246,213.49000549316406
AAPL,2025-03-24,0.03923759693141287,0.0401892265896755,-0.004712362867624198,0.04274504623098441,0.03971431530085384,0.04135657739348814,0.031799632000281484,0.035270381890349325,-0.0016966341852406252,218.27000427246094
AAPL,2025-03-31,0.03229424769659407,0.031485269983814256,0.022455310253407926,0.0429898504598414,0.04053278554979624,0.04007089057413833,0.03319405577284272,0.1246644553509752,-0.14557498862526072,217.89999389648438
AAPL,2025-04-07,0.043410503121400906,0.043938817153321694,0.02493299056984354,0.07197439647785697,0.053117618963963685,0.07514854155071836,0.062167067817624974,0.16676860131428672,0.05056306351925623,188.3800048828125
AAPL,2025-04-14,0.04113328557864079,0.04908723406434164,-0.01592425167806866,0.10870616583541726,0.07159899292555134,0.10734473996175305,0.10463125852406092,0.05130126210568452,-0.025505408869658592,198.14999389648438
AAPL,2025-04-22,0.029346781149712276,0.037084140410269445,0.0005175607024391038,0.11059884771923344,0.07159413844684342,0.0956977809420649,0.09273466787267484,0.045488563875975094,0.08425509239184578,193.16000366210938
AAPL,2025-04-29,0.04210220536578786,0.03978870903312481,-0.015886313354655925,0.11237656882714926,0.07148595003313696,0.08502101176358778,0.08173674429692115,0.05049060152504798,-0.055022067349764045,210.13999938964844
AAPL,2025-05-06,0.03512929059381283,0.04758086497341491,0.015529949238321076,0.09585449810815277,0.07190083074501358,0.07772813802446056,0.0764596291518207,0.06158475718978839,0.05811044035446156,198.88999938964844
AAPL,2025-05-13,0.03704251941302165,0.041373466978189236,-0.010965838778661027,0.053439131226860316,0.07315344221238877,0.07460018221979664,0.07244374224087158,0.016355185871443443,-0.009581285227514096,210.7899932861328
AAPL,2025-05-20,0.03064513745785594,0.03847106172507368,-0.030199322342597305,0.04694996461980191,0.07312950020861037,0.06448396958116191,0.05919128987498918,0.04701119382817605,-0.041914210915580376,208.77999877929688
AAPL,2025-05-28,0.02671733168174117,0.03747669270007375,0.0021499783626105903,0.047854948410464886,0.07355670770319764,0.06054684866888514,0.053414797930340346,0.010234034940441178,0.015168316371787427,200.2100067138672
AAPL,2025-06-04,0.024860035542795544,0.0433319365566661,-0.030088613856249093,0.0408824911604669,0.0733709435233441,0.05217278421212568,0.03906083257246644,0.023922852045524926,-0.0029561340929590237,203.27000427246094
AAPL,2025-06-11,0.032812750764428876,0.03900958561851889,-0.01635966980137039,0.028457835077745082,0.07091127628091914,0.04639560866361582,0.034283743138438884,0.029528775444670894,-0.03530279894517344,202.6699981689453
AAPL,2025-06-18,0.025446307967072763,0.028145213617068968,0.017564341991110746,0.030555203989184584,0.0709898876307975,0.04252409286947993,0.033657770623531334,0.024465558746156184,0.029810859148456194,195.63999938964844
AAPL,2025-06-26,0.016819723472216077,0.030045483325806265,-0.0025243343893291787,0.023760274133556948,0.07066262171142124,0.038467399398939714,0.03230437207795789,0.03258061121743209,0.052572515346569856,201.55999755859375
AAPL,2025-07-03,0.027715205871925577,0.028361144029890022,-0.019867864614426946,0.028130162237931012,0.06127222906320727,0.03725355960692245,0.03438416680104897,0.0195206604868506,-0.00014122056686246667,212.44000244140625
AAPL,2025-07-11,0.02973867502769118,0.033089899491009614,-0.017079586591536258,0.027158886327337976,0.03798992834026659,0.03341669284710054,0.03209832279004022,0.01457135490782887,-0.011315601858589572,212.41000366210938
AAPL,2025-07-18,0.028434913999077424,0.026156416762743002,-0.014817325905872121,0.02295253438782317,0.03514431231304038,0.029574562335434228,0.03025711067915623,0.012393766108559892,0.01765108002950788,210.02000427246094
AAPL,2025-07-25,0.032608018048839,0.0339814309124172,-0.010924539766945083,0.020747894980077463,0.032897759268532,0.026120385157252783,0.02834357305729131,0.018273121154308257,-0.029385197186104627,213.75999450683594
AAPL,2025-08-01,0.020989365473456614,0.029472266019650962,1.631689081643111e-05,0.016654397086778804,0.029872262509138707,0.024380020996641574,0.028349955863021442,0.06413728430368909,0.0582952276797907,207.57000732421875
AAPL,2025-08-08,0.031040149383972745,0.03476495884275506,-0.014284534550524362,0.03536023533324185,0.030323677090357895,0.039768243937185796,0.046293700602153987,0.046761566777656235,0.05632990112565396,220.02999877929688
AAPL,2025-08-15,0.022367512231142913,0.030445359278666366,-0.02671496774704021,0.04058266335362853,0.03268090525873332,0.0411326532024196,0.04157257153699844,0.02142423550685278,-0.03443796444333783,232.77999877929688
AAPL,2025-08-22,0.03311293340991736,0.032131239032840285,-2.4482043670325896e-06,0.042809548233023006,0.03028646762717398,0.037027725083953245,0.0355289119764022,0.01901742039547614,0.03349241392618577,224.89999389648438
AAPL,2025-08-29,0.018658859600909742,0.025307981198355638,-0.0038179574877612687,0.04127807875257574,0.030537679339112986,0.03303578100191904,0.032563990754702204,0.03925147848463021,0.030198186187923963,232.55999755859375
AAPL,2025-09-08,0.021536054556298565,0.03236556537924853,-0.0208678649512939,0.033173246616324245,0.03162998077081066,0.0345196899718381,0.0355368158425043,0.043134626452300665,-0.023726184728049413,239.69000244140625
AAPL,2025-09-15,0.029828844183498474,0.031135199219409125,-0.02804393989932266,0.033326169679631146,0.032841493455572385,0.0370889709943863,0.03864459785170558,0.03450198877846163,0.047676700022043175,234.07000732421875
AAPL,2025-09-22,0.02688614089497727,0.04293760653341134,-0.05979944006835321,0.03467623110961958,0.03345468861144889,0.03681459908503747,0.03800981772373308,0.047361997460776566,0.03976892066153643,245.5
AAPL,2025-09-29,0.04509348139287854,0.07891101589409087,-0.1130092830337527,0.04101923364041547,0.035017971077027144,0.0392335426356978,0.03904252479956241,0.00906564623054967,0.009971190821511601,255.4600067138672
AAPL,2025-10-06,0.029721451461773074,0.0851287085167348,-0.10587875563232166,0.03665203573782208,0.03457626500025101,0.03391264803333342,0.03254481462928041,0.039317386077276806,-0.05067739673835889,258.0199890136719
AAPL,2025-10-13,0.028070449516880973,0.03868418288225555,-0.028395418461769795,0.03610059110914939,0.03644132000204447,0.03606669988961007,0.04181409131398147,0.023816980690418363,0.02821953091580411,245.27000427246094
AAPL,2025-10-20,0.03709379066287665,0.04685426973474327,-0.05789733422127216,0.03403262411505634,0.0368542322710634,0.0333968973669914,0.03624387516126228,0.04413594313636327,0.04089022218823681,252.2899932861328
AAPL,2025-10-27,0.02932461349217799,0.06806022378528426,-0.09026207070564181,0.032859088146966434,0.03814636885865163,0.03598688845736546,0.03617018387631906,0.023854491368639687,0.028321958125154072,262.82000732421875
AAPL,2025-11-03,0.057622699703765684,0.10968960845149667,-0.15168199223113735,0.03449189590543354,0.034255989332034074,0.032970296452063036,0.03370722628624086,0.007924225233977577,-0.007052192798694228,270.3699951171875
AAPL,2025-11-10,0.0423938365196888,0.10792417789906746,-0.15154089122542924,0.026845744944486986,0.03201092934842705,0.028536618597769445,0.0329248213327773,0.022783869125962978,0.014569117354673974,268.4700012207031
AAPL,2025-11-17,0.06790103278939334,0.11036146752598189,-0.14081600060113494,0.027166874644441685,0.0317278051486318,0.02698222161221077,0.03317614818494533,0.028429429618144573,-0.003383027451780126,272.4100036621094
AAPL,2025-11-24,0.0718141857333831,0.13390152351240742,-0.16122324948748643,0.02239888471050993,0.03259665580236368,0.0274345681046909,0.03576396941905037,0.023052520630725094,0.04187494336476961,271.489990234375
AAPL,2025-12-02,0.06968985043466722,0.1474530251894928,-0.20430194600197332,0.021859049334590947,0.03117232015252531,0.02633715470689815,0.034795869437549254,0.019379855914336705,-0.018574809030305072,283.1000061035156
AAPL,2025-12-09,0.08940076148535862,0.14489630764580128,-0.17160133211368075,0.023923505839858555,0.029041434681890296,0.02461305998809023,0.03388709471661541,0.016604227691959177,-0.013695972408482549,277.8900146484375
AAPL,2025-12-16,0.09877350914293308,0.13550824950973367,-0.13935514266020096,0.022878369712359844,0.028112631805476122,0.022922537724002132,0.034550658643988846,0.015345084948298388,-0.011521314088832505,274.1099853515625
AAPL,2025-12-23,0.10733032003724753,0.11369870312775682,-0.13204013331184716,0.019317198216714602,0.025148215700270333,0.021227353654313306,0.03390110989956155,0.008033403867211374,0.007756625228839104,270.9700012207031
AAPL,2025-12-31,0.08088884339529952,0.07930565831802246,-0.0807579165717348,0.015272598840375786,0.025125659501233657,0.018563815150488484,0.032147417604555,0.02503504377922417,-0.04781473796602237,273.0799865722656
AAPL,2026-01-08,0.07327844810596193,0.07082088022420632,-0.05031620265492298,0.01613607528080087,0.023514640865524863,0.020625969201114765,0.03488744212645511,0.008043410514808669,-0.0014222652566184167,260.3299865722656
AAPL,2026-01-15,0.03559282870924205,0.03540993555428864,-0.020281009999977617,0.014964854539892216,0.02267372691727883,0.018151476876006673,0.03211004821867906,0.037602159246410125,-0.045688674026381396,259.9599914550781
AAPL,2026-01-23,0.028287400334598322,0.03691340113424158,0.024284898887116886,0.021703659926130346,0.021577206043963883,0.024785978214542134,0.03614432707069343,0.03293267904241138,0.03920519690236299,248.35000610351562
AAPL,2026-01-30,0.0302014294368302,0.035149621225987034,0.024189683132980377,0.028259581524340188,0.022601727184833036,0.0269608666627189,0.0344340270840423,0.04766169928446343,0.06603047582356802,258.2799987792969
AAPL,2026-02-06,0.02472561316870004,0.04602131974211619,0.0028794153188699736,0.03504092918290295,0.026456167088106556,0.03347447369980543,0.03849595811774036,0.05393291964361135,-0.05276125883541378,275.9100036621094
AAPL,2026-02-13,0.0307496500934087,0.036157407654880146,0.022710997834401,0.04494610461311748,0.03002062683443356,0.04100475181572607,0.046812951166876664,0.044072213009742324,0.010830132262958871,261.7300109863281
AAPL,2026-02-23,0.03148984787141791,0.03134775546228832,0.0020214920789949306,0.045903059840300985,0.03160175632907694,0.041569531987869744,0.03965295161955357,0.04091050934618356,-0.0015129510117340324,264.5799865722656
AAPL,2026-03-02,0.024301043075866943,0.03187906037606976,0.015693219396316467,0.04804307241050457,0.03300989410709981,0.04172723664239218,0.041266913695514135,0.015224377027503568,-0.025766326229197712,264.17999267578125
AAPL,2026-03-09,0.05824712361050682,0.06884682158901685,-0.04155495437336678,0.04141277203160845,0.032802266388791655,0.036657969186943806,0.03541612505751254,0.03131113997286542,-0.02892355186495207,257.4599914550781
AAPL,2026-03-16,0.038229824234244286,0.0591550375382476,0.0797857783352148,0.03526316400660753,0.033646629612575106,0.035598242479742345,0.03800166061763679,0.021598984896932145,-0.008552338255109529,250.1199951171875
AAPL,2026-03-23,0.041120304398074736,0.05467066456440175,0.07504191854518963,0.028758035402577903,0.03394748040746373,0.03240080132323948,0.03434221334159317,0.021883324365059718,0.003260928208824063,247.99000549316406
AAPL,2026-03-30,0.04804462334515711,0.05683764613784202,0.08749698617148353,0.022813185417365493,0.034444032274014456,0.030013554799747325,0.0344374927117945,0.032858260830951676,0.039637945295096566,248.8000030517578
AAPL,2026-04-07,0.04912188828639576,0.06561826935848224,0.07421704439601001,0.028116198682013142,0.03517065341019781,0.030610980624769215,0.034103021319878676,0.03072182263444217,0.001312693147118046,258.8599853515625
AAPL,2026-04-14,0.04238506181103325,0.038638283418092265,0.04575441723033828,0.027650605285901936,0.03621478870880538,0.0303054921613266,0.03393439641291405,0.04163545621339752,0.052054872318802986,259.20001220703125
AAPL,2026-04-21,0.04766868304358587,0.04025779672832246,0.039409921161710576,0.0315082504925482,0.036413033818640084,0.03369234836610294,0.037238416772745815,0.0395714645986812,-0.02012424186632118,273.04998779296875
AAPL,2026-04-28,0.02666603771032429,0.03980304594393727,0.029536364402660133,0.03648115500398565,0.03711629909961984,0.03499630154145393,0.03724446373373842,0.036238693637612306,0.033872908842580415,267.6099853515625
AAPL,2026-05-05,0.03182017754788794,0.04110416932421466,0.0064721839116590445,0.03745613537776953,0.03603002594441077,0.035572311342637455,0.037795152617259097,0.03517495411982661,0.05567628612295576,276.8299865722656
AAPL,2026-05-12,0.028863024082584093,0.028787236123105308,-0.003211870241095877,0.036678062205942816,0.03374735097046016,0.03522675263855502,0.03621901495973936,0.018826544778196487,0.017476580277737574,292.67999267578125
AAPL,2026-05-19,0.030550809319637072,0.03130120843268537,-0.03264059453136821,0.03282034866030631,0.031656804450030045,0.031679044439245574,0.03288577119893386,0.019315793285166753,0.03461417715628491,297.8399963378906
AAPL,2026-05-27,0.024506568246006437,0.04522137572817693,-0.049368416331180845,0.024467836926236854,0.029631191595866555,0.028920757508041448,0.030913776729837413,0.035511929057108975,0.022036802286427504,308.3299865722656
AAPL,2026-06-03,0.027283313539377834,0.04764143761481617,-0.06025213102359198,0.025044493256596266,0.030678028267154427,0.031311024747686794,0.034514017194647424,0.04646365014805856,-0.08143176020403102,315.20001220703125
AAPL,2026-06-10,0.02433835633491072,0.038483949938428366,-0.013680764631397634,0.033026460610450545,0.032666984176074096,0.036592812813353526,0.041507102544339584,0.029189138066521573,0.029470257861862238,290.54998779296875
AAPL,2026-06-17,0.02159782393803571,0.04047695861124545,-0.040034395877488735,0.03495852422953389,0.03288867529068264,0.034837108237078696,0.03734777846397615,0.016819909022440394,-0.020800330893619,299.239990234375
AAPL,2026-06-25,0.01940161315688766,0.03626039595878524,-0.024612724418636586,0.034129133922683144,0.03281780275868739,0.031035551065441022,0.03272252938633818,0.07745403532121276,0.004425902875380964,293.0799865722656
AAPL,2026-07-02,0.02970044091089965,0.034125472580585445,-0.025292219382435536,0.04882682482185427,0.03883880994447006,0.04670369992188378,0.048026141846019624,0.0510045590225318,0.07156671139108846,294.3800048828125
AAPL,2026-07-10,0.026818090388324337,0.04836941269986455,-0.0678729502782525,0.04967558029432536,0.04020498644259504,0.04713634792805867,0.04481063971119905,0.04428284195539112,0.05248481767150267,316.2200012207031
AAPL,2026-07-17,0.044608358214361626,0.08750815487433794,-0.1382520294501065,0.05197356148569074,0.04044101079263057,0.046755592834168,0.0440218256690339,0.02619486718976462,-0.03542789696126544,333.260009765625
AAPL,2026-07-24,0.07688450384312075,0.09059595014008408,-0.13541659905896453,0.05334797137510701,0.03961320089384121,0.042248405861181476,0.03832131876518932,0.04073284395621909,0.0359378278533357,321.6600036621094
AAPL,2026-07-31,0.05815669836663162,0.12936316151673932,-0.15398666524933324,0.0401706652306537,0.03996801187995242,0.04145723293814978,0.037961050104210525,0.08112976038393853,-0.0651164868872512,333.42999267578125
MSFT,2024-08-01,0.036979201832432196,0.049246190528120806,-0.0021820970468527617,0.03184341747007297,0.027035234781217908,0.031488460728201,0.03082653886877587,0.04101193064503249,-0.0487866116335336,418.3500061035156
MSFT,2024-08-08,0.045710260007813995,0.04883926777948388,0.011934501505082844,0.03278020876741039,0.028886106087387363,0.03418288744402441,0.03172863291186239,0.02322842262005465,0.04521859317600899,398.42999267578125
MSFT,2024-08-15,0.023313908590221897,0.03339888950081338,-0.012742493885443507,0.03536461782828601,0.029240805368611067,0.03166879247869387,0.028935668765287224,0.015858307461987027,0.017313225074136195,416.8599853515625
MSFT,2024-08-22,0.03699381170148182,0.04102754997572972,-0.0293660332892916,0.030593261985157195,0.02908586458377358,0.0282929511681947,0.025860550367021156,0.023520257615820835,-0.032444104498011994,424.1400146484375
MSFT,2024-08-29,0.01991846862757072,0.03416146106003737,0.02256302395720339,0.028138492400714987,0.028124115747808157,0.02689583790727827,0.025833681775021818,0.021946472988573152,-0.005396883388465515,410.6000061035156
MSFT,2024-09-06,0.028214111892978438,0.030673373122226733,0.01053109221598619,0.021736543766838208,0.028060932914931776,0.025616931910520956,0.02609704905688197,0.03650533600244471,0.044561377167387096,408.3900146484375
MSFT,2024-09-13,0.029424124064043978,0.031056157529774264,-0.021048684495234025,0.02610754547219662,0.029040769858541943,0.02890346605871608,0.02622317810159675,0.024072432793997137,0.027009005628492556,427.0
MSFT,2024-09-20,0.024424662147429943,0.03284919236612257,-0.032346232793682546,0.027578062258642462,0.029655078922647408,0.02788106011120995,0.02658482860432143,0.01513111254547399,-0.016965935414950693,438.69000244140625
MSFT,2024-09-27,0.03258322629823564,0.03523011236617852,-0.010907300052355441,0.02565792482005086,0.02892420237569398,0.025083502504751592,0.026805544453296092,0.025908040747486028,-0.034844567517247745,431.30999755859375
MSFT,2024-10-04,0.022975411685083297,0.03702476513788214,0.004649621966055622,0.027109796621665915,0.028737643428799572,0.02527672203787776,0.027084583158121546,0.021609743495333476,-0.0016819538382732645,416.5400085449219
MSFT,2024-10-11,0.024353858076083142,0.032008822905338734,0.0114707556898942,0.02242866773135463,0.02828584301119448,0.024293680781350722,0.026906910313752433,0.009449171089932148,0.002113974279603216,415.8399963378906
MSFT,2024-10-18,0.025567774045396535,0.028835329805311227,0.00993627383996416,0.018669265252822205,0.025960224661638845,0.02137669211998161,0.02693581785863958,0.02205715552151421,0.01903916242232086,416.7200012207031
MSFT,2024-10-25,0.028368399398383173,0.035677063340515,0.0010439830499160718,0.021164739081717013,0.024973105728616125,0.02154961939923919,0.026339435288891485,0.06429394921437728,-0.044238826569014636,424.7300109863281
MSFT,2024-11-01,0.026352404411615363,0.03921528091023545,0.03534968451295255,0.036798977584360855,0.028830649973484963,0.039636240029786385,0.028007446857504625,0.027680528575227323,0.04588553270577211,406.3500061035156
MSFT,2024-11-08,0.02558335646114052,0.02875684172002,0.0006476459406165368,0.03787005785056158,0.029161215114350596,0.036955498862874116,0.027570711108059046,0.018629721583373792,0.0034259981889175743,425.42999267578125
MSFT,2024-11-15,0.023092760743078034,0.025571771441834215,0.007736618636642402,0.038744911712974554,0.029308743476469987,0.03305148875437629,0.027369690515629888,0.02992498794685102,-0.03339364150597911,426.8900146484375
MSFT,2024-11-22,0.024160682844482168,0.03211128356309199,0.009421149185745386,0.04007358765131037,0.029799784941820447,0.031881674043292355,0.027684301270039693,0.026999000760474443,0.02532627684070743,412.8699951171875
MSFT,2024-12-02,0.02171609868933027,0.026524931178809195,0.012777224435067125,0.026421059541701337,0.030119312323155352,0.0306325588579164,0.027462643697516626,0.025680435825742767,0.046396602758169675,423.4599914550781
MSFT,2024-12-09,0.019787670691119735,0.024693516111500367,-0.016271179236006572,0.025873311123677245,0.029153616317492508,0.0292648616783281,0.027479634670394888,0.01598638956165613,0.008306773338195857,443.57000732421875
MSFT,2024-12-16,0.025203577960261472,0.02693616422236322,-0.021299685468872485,0.025291742479098545,0.028705401198234514,0.026364013028201943,0.027166418452881244,0.03999860404536125,-0.024144956449844258,447.2699890136719
MSFT,2024-12-23,0.025094656754111693,0.027662787479732328,-0.006021071120288259,0.028505441945748788,0.030667592595508657,0.03050739649194487,0.027718892248374438,0.02422018972364405,-0.02732840079972989,436.6000061035156
MSFT,2024-12-31,0.01782776720703199,0.02679004723326848,0.006434048156997894,0.0285667901599249,0.030544923689913853,0.029114576474349618,0.02780469892967075,0.022729387331207097,-0.00580736171372871,424.8299865722656
MSFT,2025-01-08,0.021157635818151194,0.025525123684929277,0.007139933742767873,0.027332134778986637,0.030617072046235077,0.027644024768557405,0.027595591384864317,0.02955598715027388,0.009285079846094616,422.3699951171875
MSFT,2025-01-16,0.02441689051699947,0.023176711620746197,0.013954766067028534,0.030181504758241343,0.031677758044626754,0.02848963957776675,0.02772473394363092,0.04202893467593811,0.046742819939880005,426.30999755859375
MSFT,2025-01-24,0.0257737934273285,0.029343311246879816,-0.024725840038795778,0.031275633140453105,0.033302897526929845,0.03301114788006587,0.028120319267257766,0.07426785888270641,-0.07365519534537067,446.7099914550781
MSFT,2025-01-31,0.028255391620041433,0.03804592457888653,0.021423521430680336,0.04769659725207046,0.035059555175948456,0.04897199035862005,0.029571517910017896,0.012455475003488429,0.0019980919065189107,414.989990234375
MSFT,2025-02-07,0.024309661190899945,0.025058958019056308,0.014079858106273841,0.046731674839799335,0.034311433665960914,0.04243543172653155,0.02949508608597609,0.0174234306549473,-0.012779104826266612,415.82000732421875
MSFT,2025-02-14,0.027531032352833648,0.02671209211420509,-0.010871209324396556,0.044926318128436074,0.034236997730566134,0.03736407176745081,0.030687657613990102,0.02387804827814386,-0.005691660164677269,410.5400085449219
MSFT,2025-02-24,0.028491427844026286,0.03107507465757403,-0.006740740117202078,0.040191774533447175,0.033861079078423756,0.034472138090528674,0.03115947080845517,0.028601160134667267,-0.027870660084318537,408.2099914550781
MSFT,2025-03-03,0.030369438971481626,0.03464030915761134,-0.03268083456469188,0.02145120401569219,0.03388833189505586,0.033049165888547755,0.030895366380206513,0.040570609249833266,-0.009312968063148467,396.989990234375
MSFT,2025-03-10,0.028563325064360205,0.035161765162172426,-0.017610634559876878,0.028941261964321445,0.03489238128764016,0.035051447813834694,0.029352376166705826,0.04474592702678372,-0.01215050703647398,393.30999755859375
MSFT,2025-03-17,0.024888573643094113,0.030766091824405477,-0.009568061304989951,0.0358541194995108,0.03685047339521994,0.037717314015322086,0.03126489478581314,0.020974114476159773,0.006924733838317689,388.55999755859375
MSFT,2025-03-24,0.027265380618998324,0.030606523092396268,-0.009792267966976331,0.03560079941951385,0.03564605403539398,0.03409999110158371,0.030732265420744698,0.03412452870367438,-0.03236399650620017,391.260009765625
MSFT,2025-03-31,0.03160719884109956,0.029929785905249074,0.014181771454914349,0.03678735451065351,0.03630450869555947,0.03451949531739789,0.029638111254467008,0.04782660604583146,-0.051348851052435,378.79998779296875
MSFT,2025-04-07,0.015476302270274656,0.03504676522071191,0.04384688944982395,0.03803902170815188,0.03808410161093387,0.0391019716427705,0.0299130799441037,0.10165900762155129,0.07650501478744726,359.8399963378906
MSFT,2025-04-14,0.023449807742632132,0.029129195983095563,-0.014266214697712278,0.06118636545428119,0.04770974993182722,0.062306923345812504,0.041598767681377574,0.04579859797188918,-0.07850791194433118,388.45001220703125
MSFT,2025-04-22,0.026250513194683037,0.031025708291121994,0.022406365920287205,0.06390077354628898,0.04742588313176595,0.05853896043316693,0.03981374544044048,0.046434323793108426,0.08546011192917959,359.1199951171875
MSFT,2025-04-29,0.026024395765229417,0.030425689999926748,-0.022482035107385816,0.06653856959795142,0.0450205036843672,0.055399389381962504,0.03770815545064684,0.07742668020424824,0.108915413590744,391.1600036621094
MSFT,2025-05-06,0.02552214260218692,0.025381617125333888,-0.010968656490255559,0.07021159979361319,0.05023400448484768,0.062048228520643026,0.050433790328891434,0.027014716230335696,0.02956970007716238,436.1700134277344
MSFT,2025-05-13,0.019823151250432918,0.02844389021116531,-0.030515408147338493,0.0510952235192807,0.05051065758875995,0.05512115147231553,0.048466539267055554,0.01338100569489296,0.021165128428960574,449.260009765625
MSFT,2025-05-20,0.02850019434390618,0.037407428573201625,-0.05551034962890675,0.03992074107214713,0.050103144795134294,0.047748901267424475,0.04346482492220945,0.02861102935418511,0.003958436003213527,458.8699951171875
MSFT,2025-05-28,0.019628912198641654,0.03597895289248006,-0.048097997858439955,0.040987604150159035,0.04998423344596344,0.043691755307908746,0.04363475359122572,0.00954803143148501,0.0049368889008910705,460.69000244140625
MSFT,2025-06-04,0.028459060266302086,0.0486493108953265,-0.07796094238234433,0.020779635473403574,0.04858377229327457,0.03774313785340324,0.03079891322204662,0.012005124982878404,0.017025996916605696,462.9700012207031
MSFT,2025-06-11,0.02785999667837691,0.05443173669577698,-0.0818900073871019,0.01718378637835388,0.04677902229722178,0.032923452791279,0.029053809565672783,0.01829904821322313,0.015006172149760967,470.9200134277344
MSFT,2025-06-18,0.030042060793034696,0.04723511891706304,-0.06123447423619455,0.018531488906523678,0.04663574581682993,0.029707447028025778,0.02872141447881179,0.021570330377049737,0.02933289526389081,478.0400085449219
MSFT,2025-06-26,0.02711872610129372,0.050657821114605275,-0.07593866888314156,0.014650532575579371,0.04555599439496679,0.027729043518911412,0.02893250514188388,0.01577252065355556,-0.0023999212083428865,492.2699890136719
MSFT,2025-07-03,0.030616954691831722,0.06068338112335151,-0.09152129318693433,0.01637701652137208,0.04316214043669779,0.02509280101099495,0.02822973805384933,0.021477581469391268,0.02093634522649538,491.0899963378906
MSFT,2025-07-11,0.036900313324587784,0.08110820654143948,-0.12994329882023567,0.018584988711086218,0.03272163133014838,0.02410927542409615,0.028255575797313765,0.013697314564104213,0.020174791511248492,501.4800109863281
MSFT,2025-07-18,0.03889340756501395,0.13671392878617913,-0.18889518375054873,0.017255467796292556,0.028703635869298666,0.021940772075319876,0.027425537649925648,0.014070880137493746,-0.0016038011427594514,511.70001220703125
MSFT,2025-07-25,0.05624791885948149,0.10779794287125943,-0.164257077735277,0.016438217645169177,0.02709854061062284,0.02022931007856057,0.0268235992596643,0.039200694068422706,0.04332433221768574,510.8800048828125
MSFT,2025-08-01,0.039309106976023675,0.16877393913267988,-0.22331880666057466,0.02317287863282781,0.019997892217223673,0.027549193245629967,0.03209512757929283,0.03315204988556476,-0.024016126319441836,533.5
MSFT,2025-08-08,0.0353614469763686,0.16074635660408365,-0.2110241005028803,0.027860636472506948,0.02139261520995969,0.0288686782838857,0.03215944907053897,0.022205865940505554,0.003143723790221054,520.8400268554688
MSFT,2025-08-15,0.04580232282442882,0.14064269311449443,-0.19671110491806137,0.029491795263480322,0.02216587221256193,0.02734659421841281,0.030658014506522772,0.018185399886915195,-0.035534342374750595,522.47998046875
MSFT,2025-08-22,0.0695235575102066,0.10085470666120407,-0.12970116344958255,0.03013567828736812,0.021500229970452138,0.02523409849495911,0.0294720760008714,0.01443271945005669,0.010652297018058438,504.239990234375
MSFT,2025-08-29,0.06332352465524699,0.04729724451347192,-0.057638079256738126,0.0230930473615722,0.02169521588465675,0.02286310611788269,0.0281666217356062,0.027189310193685656,-0.02914686028720485,509.6400146484375
MSFT,2025-09-08,0.025671801933527454,0.03927557632695897,-0.0237975850154152,0.020786547675012385,0.023035480965951354,0.024420390688796045,0.03009688182697174,0.019185812389612464,0.029656853522394847,495.0
MSFT,2025-09-15,0.033671376417118176,0.038716162003674136,-0.05064231041854172,0.020626160569569136,0.02304524419810967,0.023320578757297927,0.02902577736127457,0.024902991280057317,0.015625467760358204,509.8999938964844
MSFT,2025-09-22,0.043556689773968496,0.050132983357821646,-0.07877893417984232,0.022360309951638728,0.023376090858940213,0.023850705852199724,0.029300887749807304,0.016310398667293106,-0.012570719593093813,517.9299926757812
MSFT,2025-09-29,0.034508640757165567,0.04766185337862226,-0.05585729578389922,0.02290085436337299,0.023435397409319488,0.022018374862393043,0.028135638154842754,0.01263290956811745,0.011450216601998162,511.4599914550781
MSFT,2025-10-06,0.032395727390021396,0.03843677521151787,-0.044964475622117354,0.018612111017779875,0.022904418073518402,0.01993442146240357,0.02693116750684202,0.03242440888768937,-0.012428288330283798,517.3499755859375
MSFT,2025-10-13,0.021115335425273545,0.03518142665932363,-0.0389110858342035,0.02349078848579935,0.02447810330599614,0.023929924062214898,0.029795961115560928,0.008042352274679114,0.005114551553418853,510.9599914550781
MSFT,2025-10-20,0.02607589661855917,0.027789087411044782,-0.01945380856433684,0.02011862459098406,0.024245489855486867,0.020897547915166712,0.027353082731554287,0.0103229005835891,0.01934126034254202,513.5800170898438
MSFT,2025-10-27,0.03275838261295642,0.03921489377646939,-0.036700407868865664,0.018880609576131413,0.02159145290166439,0.01867870150368564,0.025973748144951778,0.0414701648609586,-0.011138729534080438,523.6099853515625
MSFT,2025-11-03,0.0203839722827382,0.033517628733040664,-0.008682550714728628,0.02782614765277968,0.02278684632686781,0.02687206914090351,0.03156184379540024,0.02506988761665051,-0.0413805726918416,517.8099975585938
MSFT,2025-11-10,0.026114217996272164,0.02766377064921815,0.012019019988856598,0.02554736349977328,0.0229604219957973,0.026514248627805,0.03059194921971623,0.028474735082071292,0.02653578806950692,496.82000732421875
MSFT,2025-11-17,0.030087288234226784,0.0262267691781767,0.0032630868227780875,0.02930529266178535,0.023900957962258582,0.027030909525794178,0.03024903213849517,0.038237807985485706,-0.07753041005105382,510.17999267578125
MSFT,2025-11-24,0.0368669091804571,0.045051661041525935,0.04241223864827865,0.03278902941932879,0.025873659977743484,0.030380705619310396,0.03241114251977196,0.02571844746603204,0.03049689933205977,472.1199951171875
MSFT,2025-12-02,0.028973104138692023,0.033189035222839,0.028869348115104533,0.029786221342064396,0.025898091088457156,0.029304831212391236,0.03102725957586502,0.031833096694867266,0.008754758237384237,486.739990234375
MSFT,2025-12-09,0.029077478631938294,0.028335362959512285,0.029214006427025874,0.032203425047156085,0.02690320975188836,0.029951231904342897,0.03121068902040298,0.032307522184437644,-0.03354903751522488,491.0199890136719
MSFT,2025-12-16,0.03087434448066115,0.03433771676310242,0.03523152157972427,0.03212938056837812,0.027404852105390662,0.030445460962598682,0.03150686651039678,0.017307907629618383,0.0210481562962249,474.82000732421875
MSFT,2025-12-23,0.030248974851046755,0.033080191025957426,0.024619805053704258,0.028014770726649388,0.02757761118388733,0.027551388570938338,0.02946952125561821,0.004910934161314351,0.005265329923283698,484.9200134277344
MSFT,2025-12-31,0.02695341755789051,0.0382246169625766,0.03826773898716088,0.02502991671164038,0.027350664766058245,0.023719952945507796,0.027393469709808545,0.02845751845878679,-0.008260018568889436,487.4800109863281
MSFT,2026-01-08,0.027866957964296384,0.030728972731772875,0.03473410140452505,0.023870713465352456,0.026986431017090938,0.024977980236393818,0.02887973917897001,0.03045866089761858,-0.05111150303264972,483.4700012207031
MSFT,2026-01-15,0.03727433334016922,0.03312117208590998,-0.007767811001579933,0.022979393722216798,0.028074160216839984,0.026904792974614542,0.03070785516609931,0.03168517132201307,-0.018100019802928004,459.3800048828125
MSFT,2026-01-23,0.03309073065498704,0.03889129038386687,-0.03919158189587777,0.02567479251044703,0.029162173394811093,0.02852230946766923,0.031500294941696184,0.11264035083225464,-0.03988594886721989,451.1400146484375
MSFT,2026-01-30,0.024110935263619557,0.03657346530993447,-0.01674310051475045,0.06228271719320992,0.04203172127763896,0.06568941572319165,0.07682639667421355,0.06165517432065643,-0.09637876721757205,433.5
MSFT,2026-02-06,0.02194457693135918,0.03477635847418916,0.04690715712333877,0.06551388969536465,0.04476236584244782,0.06527226640989472,0.06464947516296721,0.04246196884194251,0.020540961325412645,393.6700134277344
MSFT,2026-02-13,0.02416484628186527,0.03183853427231913,0.030900376391804048,0.06958663268461648,0.04564825477929855,0.05990728530134054,0.050224887680629514,0.01384314021313268,-0.01153850465131504,401.8399963378906
MSFT,2026-02-23,0.02672644900245199,0.034967462737148784,0.029167921561657702,0.0681987736259214,0.044882542026683035,0.051805277498447266,0.03694521826220829,0.050848134056228476,-0.01136769522040731,397.2300109863281
MSFT,2026-03-02,0.03127302907361373,0.04381288969899604,0.04795772785218955,0.045578231336468385,0.046417669670444854,0.051370043600709445,0.040712586687446546,0.024563661216272802,0.040469540398127266,392.739990234375
MSFT,2026-03-09,0.027246489420148803,0.03932909375471507,0.02882741447018169,0.036674100380965226,0.04623483900134222,0.045728109873906964,0.034727665905310505,0.019815520612842034,-0.033340160248342944,408.9599914550781
MSFT,2026-03-16,0.021960731150995488,0.03914874802700821,0.04562248598616134,0.03145903006267165,0.04563538560820937,0.040594987633924086,0.031809107059676586,0.029827986910726936,-0.0351969468426295,395.54998779296875
MSFT,2026-03-23,0.017327476752389187,0.04775735130700702,0.06700346986173344,0.03400275861697466,0.04581605463815072,0.0381472027173825,0.03285049060839869,0.040055874967780236,-0.06798893810435384,381.8699951171875
MSFT,2026-03-30,0.027396548197943387,0.062710496027272,0.09131234476513324,0.028232435743279827,0.04664786068049329,0.03882029585881604,0.036368703544825964,0.0333386256083556,0.044165379499832576,356.7699890136719
MSFT,2026-04-07,0.024996782521812214,0.04404169153689581,0.056452267177778646,0.030658458559834227,0.04737015893721602,0.03724506657201505,0.03468559724748875,0.03683842349399874,0.030348952483328834,372.8800048828125
MSFT,2026-04-14,0.021660846350573346,0.041473996711646324,0.04323958088629788,0.03598834763207312,0.04827745051876279,0.03772262451316995,0.03742029719551147,0.05629338605197214,0.08404328249548249,384.3699951171875
MSFT,2026-04-21,0.022278822578070893,0.029496837060565266,-0.02321912836066125,0.04240102276136922,0.05050632517841074,0.042917131941990254,0.04158966443172798,0.05206375978044194,0.016016666901336914,418.07000732421875
MSFT,2026-04-28,0.02689409808770347,0.04241262713495051,-0.042717190918121886,0.04237770271673535,0.04138804613103421,0.04544844254603897,0.043103194621234714,0.04590343492303502,-0.02671790092003503,424.82000732421875
MSFT,2026-05-05,0.016629802112823035,0.023638369943949432,-0.01250311707452154,0.048139555884627705,0.039579252945473355,0.04554473297379228,0.04224008613077038,0.023513868127205666,-0.002323647887978958,413.6199951171875
MSFT,2026-05-12,0.018461628419358393,0.029122783729405858,-0.011617700628946162,0.04670012697660881,0.038249571310718426,0.04089231380019949,0.03592556069446879,0.034738810336173605,0.026023962578958563,412.6600036621094
MSFT,2026-05-19,0.021523148938734367,0.02857675645362255,-0.022783022270548535,0.041577443761988214,0.039296913481043375,0.03948256864004591,0.03618901113218605,0.018649834717443407,-0.01789061069892275,423.5400085449219
MSFT,2026-05-27,0.019356548002186027,0.0284257791320745,-0.02189880825769734,0.03321687497444704,0.036820266903150205,0.03508471043625215,0.03199269698782827,0.07978533709783575,0.05899020069683866,416.0299987792969
MSFT,2026-06-03,0.026520690755707763,0.042078395438034925,-0.052980057087056553,0.04663196302259635,0.04290182161417527,0.05141528056738795,0.05573850067276014,0.0481972498049403,-0.08979414722658445,441.30999755859375
MSFT,2026-06-10,0.022251456368937435,0.028930199555197437,-0.0071967516655369514,0.05185399134525187,0.04485300535460724,0.0504154053116629,0.04799273075796279,0.03593463946956498,-0.024034113571175502,403.4100036621094
MSFT,2026-06-17,0.017517286016938263,0.02325935108025327,0.0053007552240837705,0.05146106493353436,0.045221992855573316,0.047041560031134966,0.041513169498436406,0.05813778489439458,-0.07476249931542721,393.8299865722656
MSFT,2026-06-25,0.03681559984360239,0.04357985424969758,0.05715995453206543,0.05740016504826374,0.04686173782420104,0.04990392467833796,0.04594415957027415,0.07407974997186809,0.05021463966976965,365.4599914550781
MSFT,2026-07-02,0.023994851979207105,0.038496480571554054,0.0150715372320998,0.055070975867607404,0.050660006669334776,0.05681152932497794,0.05466515164108734,0.02427820425333604,0.00020812493288333163,384.2799987792969
MSFT,2026-07-10,0.01842342011450007,0.03023015703762481,-0.00457829337152725,0.05289398394804704,0.050026624100925794,0.05019195863198711,0.041131886962264545,0.03766155505408608,0.042631212695126514,384.3599853515625
MSFT,2026-07-17,0.0184396845119134,0.032137415800610976,-0.026022349541725713,0.05345658939944956,0.04849624623920676,0.047344061134611905,0.04028217725550548,0.04226058676622662,-0.04989029588361304,401.1000061035156
MSFT,2026-07-24,0.018729690329728137,0.028607023549099976,0.0077383070040209605,0.04917325789844286,0.047536021064010246,0.04609210024656718,0.04114112193705893,0.14601342494448108,0.16736856583530757,381.5799865722656
MSFT,2026-07-31,0.047612149661354804,0.05618921940629442,-0.061295121028360995,0.07918767618050114,0.06239811228493858,0.08907418640520624,0.089895556275943,0.06376072483446997,0.10263897196514789,451.1000061035156
NVDA,2024-08-01,0.41799654953646487,0.8388820760779503,-1.0405694183386958,0.10430883418448375,0.08273443271945823,0.10465734065703894,0.06885299183495755,0.11640809275985048,-0.16813444889684204,117.0199966430664
NVDA,2024-08-08,0.22459242707429167,0.39157711953710855,-0.45981298183337965,0.1102233229514206,0.08889957933768954,0.1076891140881749,0.07041441191498912,0.09702410174849743,0.1771519935826505,98.91000366210938
NVDA,2024-08-15,0.22174793308709959,0.6397425014834077,-0.8098385593458441,0.11687769347462736,0.09207163620241014,0.10477950917452408,0.07035333414362946,0.06429870971698932,0.0845665279762127,118.08000183105469
NVDA,2024-08-22,0.31948638769906534,0.68954299763264,-0.8750064182060472,0.11097387494801786,0.08987770045922631,0.09547447308910507,0.07008832384223046,0.06767371863063751,-0.022747030777012813,128.5
NVDA,2024-08-29,0.3406875852715769,0.8021324569595887,-1.018460517560524,0.09094197444337525,0.0882606227704162,0.08860317137062765,0.0727995830108355,0.12233273843665506,-0.15839235422968387,125.61000061035156
NVDA,2024-09-06,0.4360722642824881,0.37570827675181256,-0.5082202898846788,0.09286150074128159,0.09382077194782319,0.09798846340857445,0.07652175330515211,0.09836776126403526,0.10550974774898576,107.20999908447266
NVDA,2024-09-13,0.3128843990859106,0.5122923600410689,-0.6551604573157898,0.09368420949530946,0.09692309368709111,0.09823759067587168,0.07748996774422426,0.04881865854374333,-0.010716921537295521,119.13999938964844
NVDA,2024-09-20,0.2312693478397892,0.3883864749054814,-0.47937103148818955,0.09065800767899167,0.09237256000467729,0.08812417147821873,0.07348945463555276,0.04751948242379218,0.051021756072884034,117.87000274658203
NVDA,2024-09-27,0.42479520770830687,0.5984183334728631,-0.7402138638597069,0.08777208518596366,0.09316280352432794,0.07937223062874323,0.07129103867710408,0.05649847972076051,-0.00964001506663089,124.04000091552734
NVDA,2024-10-04,0.24856752218348985,0.46461449617427353,-0.5529766094161963,0.06605914746179607,0.09271825143054013,0.07416699300757595,0.07162542356066283,0.05108178329350385,0.09290227504647244,122.8499984741211
NVDA,2024-10-11,0.291594553982962,0.5798350518821788,-0.5941128923676902,0.05046976188166148,0.08992081857711783,0.06873416132925551,0.07016230870707565,0.06250585781062544,0.01560343126236647,134.80999755859375
NVDA,2024-10-18,0.1977245403265329,0.34750426025675485,-0.41757532040910855,0.05341791026902664,0.08758195183525884,0.06716197997936592,0.0713676438798126,0.05052074055670633,0.02509694735273282,136.92999267578125
NVDA,2024-10-25,0.3864748675276399,0.4538933771314703,-0.6030540159711488,0.05499382140862648,0.07847529848634256,0.06302974623963566,0.06941441050819179,0.0516604648085219,-0.05602379473297002,140.41000366210938
NVDA,2024-11-01,0.43177822827029066,0.48156864121819626,-0.6173024660546946,0.054860002993466495,0.07183804024799965,0.06088738144242824,0.06983222158321603,0.057281627644882455,0.11459769965583917,132.75999450683594
NVDA,2024-11-08,0.3179064601240117,0.6744212575029812,-0.7575710637169877,0.05599940509157876,0.06846521091930435,0.060204775899771676,0.06938039074296896,0.030959789102506772,-0.014342083073454059,148.8800048828125
NVDA,2024-11-15,0.2830027758625922,0.705374614665962,-0.7483810877557812,0.04925903162070086,0.0668527488811392,0.05391321598706241,0.06742963379030911,0.060293258099141475,-0.0006134092830242804,146.75999450683594
NVDA,2024-11-22,0.28113069672054897,0.5357488380711248,-0.6966320380195071,0.05243704422703949,0.06618347165362226,0.05536797870713841,0.06824057320667062,0.059343995929067486,-0.059121512372039595,146.6699981689453
NVDA,2024-12-02,0.22517486405505918,0.42815173311611854,-0.42455804255335033,0.054566675525616025,0.0579057009689817,0.05604265274673033,0.06872887952771761,0.0405757566246291,0.029857235147024826,138.25
NVDA,2024-12-09,0.27302699656863144,0.5301207754888434,-0.6295322091861115,0.0504300401047663,0.05214243162905005,0.05242682179950974,0.06715664861206437,0.05557330547268113,-0.059217142160495014,142.44000244140625
NVDA,2024-12-16,0.3619809048732533,0.6241547314627148,-0.6682858738683743,0.054999705040085056,0.05291256837720706,0.05312866078059499,0.06801194820985498,0.040872408737475774,0.003346327371383987,134.25
NVDA,2024-12-23,0.37513972962071074,0.6081295830839923,-0.7461646366393264,0.0501698398627388,0.052576245929229624,0.050271430509464976,0.06667635335611538,0.04230214886472935,0.020501166381973322,134.6999969482422
NVDA,2024-12-31,0.26030967442152747,0.21065531157112888,-0.24017694972192463,0.04643413718829283,0.05135264043949942,0.04785634096181541,0.0655585852581845,0.09264259271777214,0.019090691444757665,137.49000549316406
NVDA,2025-01-08,0.3765584345916123,0.3373409079910168,-0.443191237582324,0.06307434552139494,0.05620574505169413,0.06391586222336317,0.07424126978721736,0.05063636093835712,-0.028223841912897424,140.13999938964844
NVDA,2025-01-16,0.08615142408248279,0.11838378006637103,-0.11930768608071622,0.06197599500106098,0.055202941987378774,0.06086166795506293,0.06913441874117043,0.060877735042847395,0.0775099982480616,136.24000549316406
NVDA,2025-01-24,0.19322393682856012,0.20012579219946514,-0.27475541773558076,0.06538810528199528,0.056053620275227395,0.060872934697061655,0.06764949313504985,0.21143687376029627,-0.16641825271137972,147.22000122070312
NVDA,2025-01-31,0.06957111878372027,0.09920745399566229,-0.02290486926584352,0.12468669724973458,0.08186574985926862,0.11839786513375268,0.09280910531950327,0.07757783816339874,0.03181882324186854,124.6500015258789
NVDA,2025-02-07,0.05362134576080358,0.0741178404687449,-0.00967359373724855,0.12207643690911539,0.08312366484973585,0.10908657746019547,0.07746245943144826,0.04522183473353919,0.05009192753677934,128.67999267578125
NVDA,2025-02-14,0.07169112667853879,0.10286986447766124,-0.06947281874677409,0.12190649702836072,0.08379914461432406,0.09642716451212352,0.07006364412339301,0.049437887005231725,-0.006377010006875409,135.2899932861328
NVDA,2025-02-24,0.12683518139255098,0.11928964225961884,-0.09469707133600716,0.12008767832221863,0.0831864049539124,0.0866771669899272,0.07018970793252038,0.1116043432961581,-0.07337004522558695,134.42999267578125
NVDA,2025-03-03,0.10718941294373815,0.1260200872039941,-0.08948610220364335,0.07773561018634008,0.08759730084173546,0.09465750754287633,0.08017295143302629,0.11194296992661969,-0.103032810128002,124.91999816894531
NVDA,2025-03-10,0.0653923254637678,0.1079286703811366,-0.04586919432144059,0.08674762627508253,0.09237275739468263,0.09855072172244343,0.07700667731860386,0.09738599444544188,0.07667173912094812,112.69000244140625
NVDA,2025-03-17,0.07179627907519569,0.0727976210819966,-0.021157012307838365,0.0978074744500448,0.09559592275193286,0.09822448772148529,0.0778656734625186,0.04447156545682788,-0.03317345841204838,121.66999816894531
NVDA,2025-03-24,0.07982487875107722,0.08679866220541903,-0.010589554465417468,0.0967434598752275,0.0956691035766474,0.08706871390439505,0.06988232546119576,0.07195207056823594,-0.07066314826187943,117.69999694824219
NVDA,2025-03-31,0.06865263374396291,0.08737268934219354,0.06478550960862138,0.0863324499272572,0.09691843373620719,0.08321059184542431,0.07277470610495101,0.11338213199165409,-0.1508886374073192,109.66999816894531
NVDA,2025-04-07,0.08842356356536069,0.10980447086465112,0.07974594891882149,0.08570022390025636,0.09800982623763375,0.09380332770330253,0.08636858872880364,0.18843911762027274,0.16231217183287622,94.30999755859375
NVDA,2025-04-14,0.07577132167732555,0.0921629624442213,0.01354423996808903,0.12040788213139501,0.11207047720015927,0.1262265077282728,0.10448084799816598,0.09072978788960404,-0.13511662396640992,110.93000030517578
NVDA,2025-04-22,0.14037040984211088,0.10979280651720381,-0.038821256834207875,0.1255357848073893,0.11294261835295129,0.11817189820986383,0.08685250537812865,0.07291923821190219,0.11508502534846583,96.91000366210938
NVDA,2025-04-29,0.10955650052212142,0.0930121640081683,-0.03232594854991842,0.1276407516986223,0.098176503505012,0.10803293547592598,0.07730000820902742,0.035946596923207084,0.0457504746100734,108.7300033569336
NVDA,2025-05-06,0.10818746847249745,0.10408933598972318,0.052557434111645075,0.1130705239225487,0.09614159839003282,0.09446733818220716,0.0722150128123467,0.06158541834823319,0.0775661048786537,113.81999969482422
NVDA,2025-05-13,0.0761806948655662,0.07826417131769615,0.013696866147215514,0.06901685898484515,0.09695245633649717,0.08741823108925662,0.07554775610839796,0.06857181449399169,0.09730381074424412,123.0
NVDA,2025-05-20,0.054102633881958614,0.05865398990410126,-0.005374059158600228,0.049919209268982294,0.09799920264581813,0.0821000239238258,0.0684448288079713,0.040575434942808346,-0.0005165257969060998,135.57000732421875
NVDA,2025-05-28,0.0584752833575056,0.06914008971104998,-0.014311163808757429,0.04869641640953842,0.09315888763463807,0.07359408744670003,0.06689655003108776,0.05438184527316156,0.04134732641242712,135.5
NVDA,2025-06-04,0.07572275628339661,0.08016884899730645,-0.06917259987874684,0.05324291048173041,0.08834384521731187,0.06908297537133334,0.06793122309004365,0.02213374526834465,0.0192165631156787,141.22000122070312
NVDA,2025-06-11,0.0934994528733447,0.0826913153264519,-0.10109126893371263,0.04745573514581898,0.08410937095710176,0.06029587406747706,0.06132659207374705,0.033334225255471556,0.001110722151844061,143.9600067138672
NVDA,2025-06-18,0.06730875898257102,0.06445818057066427,-0.03289197978873651,0.03979489750304136,0.083564332337539,0.054464532839056404,0.06195666471162392,0.05169750770808469,0.068317298261969,144.1199951171875
NVDA,2025-06-26,0.050861117981614856,0.09079136613861413,-0.0746805344397575,0.040994851470740404,0.0816331325250497,0.054146560628433545,0.06878550966323502,0.043398824857293086,0.01887334531887551,154.30999755859375
NVDA,2025-07-03,0.060147559265520324,0.06544676063335794,-0.06949942308753035,0.038317092187278204,0.0743617303221991,0.05180067693925564,0.06690521791812784,0.026806905665458954,0.04263913970937403,157.25
NVDA,2025-07-11,0.055472266076839416,0.09322829151182187,-0.12480463276694477,0.03814308335137462,0.05228678397024557,0.046510018928856506,0.06023217087804574,0.04154286425301091,0.052815559207854926,164.10000610351562
NVDA,2025-07-18,0.06911578100916609,0.10776603723460124,-0.16732719093212248,0.03746066009165812,0.04387230116965142,0.04526807812333888,0.06140519308053073,0.038688744853167416,0.004268365951147417,173.0
NVDA,2025-07-25,0.09206788868242996,0.10122947390342425,-0.15120731937149043,0.03671168361830233,0.04201287390796464,0.04374477315852779,0.06252909915741724,0.03011124120487145,0.02349295848687943,173.74000549316406
NVDA,2025-08-01,0.06614988156194829,0.08634504434314562,-0.1165807388948815,0.03280250378095437,0.04196645731597155,0.04055062238352432,0.05966822903933651,0.044844925614897925,0.016172609685746638,177.8699951171875
NVDA,2025-08-08,0.12989750223332397,0.1485613737150816,-0.21246781137102105,0.038635814874846366,0.0410157639906421,0.04125779532894776,0.05959136328081112,0.015526998952366242,0.00689106600013755,180.77000427246094
NVDA,2025-08-15,0.08010351792724123,0.10471530208014965,-0.17126016710307354,0.03451354365434018,0.037296600956950865,0.03622561412610652,0.0557847506371046,0.03776122807052703,-0.039444937360424905,182.02000427246094
NVDA,2025-08-22,0.056216803921849676,0.0669297618703622,-0.10064092679486357,0.03472532607776607,0.03745147291986653,0.03656706474700476,0.059231153073439756,0.023985555953936883,0.02922918220341581,174.97999572753906
NVDA,2025-08-29,0.06006155755120074,0.10267831634312954,-0.14446004021340977,0.03342359250506842,0.034774811432236916,0.033447628467946466,0.054199474632714316,0.048171769022208405,-0.07578724815906307,180.1699981689453
NVDA,2025-09-08,0.04900957954686132,0.06586173756204111,-0.08480474104312075,0.033442367297358944,0.03764368414078485,0.03742984676048474,0.06367882524537331,0.04132295956537244,0.06265825257632221,167.02000427246094
NVDA,2025-09-15,0.052614170289083814,0.08472542149674472,-0.14733789721181775,0.03974284009806423,0.03789997438701138,0.0383645314072514,0.058667489287030514,0.046454100357511734,-0.0064882686216160956,177.82000732421875
NVDA,2025-09-22,0.052772142480580285,0.09584439002085382,-0.1577334095950678,0.04216751432346501,0.03780598756963489,0.04081705701355684,0.0622183335495373,0.048943264386441476,0.008566835180139858,176.6699981689453
NVDA,2025-09-29,0.0674566713951039,0.11975134376871124,-0.17535268855412411,0.04750464599914724,0.038424874735709685,0.04242344997959539,0.059371878744659205,0.034751876387556564,0.05156820423233,178.19000244140625
NVDA,2025-10-06,0.05220144346668469,0.09478549081670555,-0.1559960508258897,0.04227841164142364,0.03891854078826094,0.04023807520741528,0.0556704328953426,0.0586824498582314,-0.02405850688985395,187.6199951171875
NVDA,2025-10-13,0.05489983271336827,0.09955500189547518,-0.15471704633124128,0.04909972701878498,0.04099964198070078,0.04678565495325887,0.07639725538146436,0.05458409588174536,0.00032751546662196206,183.16000366210938
NVDA,2025-10-20,0.055918262709333866,0.08636245068157056,-0.11993517188645478,0.05119602870687179,0.04251150981186832,0.04841847689533151,0.06382047489299361,0.02651436875591306,0.016455894352034633,183.22000122070312
NVDA,2025-10-27,0.05201480579042199,0.06856840618656132,-0.09237452357944774,0.04655405500025181,0.04231966482300616,0.04385999532999159,0.05703367994549437,0.06642480265137614,0.08354701213765701,186.25999450683594
NVDA,2025-11-03,0.09945913779184355,0.12447520365591003,-0.18582495003340904,0.05440455029101054,0.044488885074737805,0.05028102313797674,0.06457668141336363,0.06155058924075232,-0.07345104513943362,202.49000549316406
NVDA,2025-11-10,0.08721649350808629,0.10826725479957362,-0.1563085478642873,0.05583584886924538,0.04792203435619264,0.05332584584381674,0.06994892122849952,0.07564975276705531,0.01067891473584999,188.14999389648438
NVDA,2025-11-17,0.0866897691043458,0.10475585452866437,-0.16626486556179898,0.06189405156564452,0.05150177888258169,0.05937025914406044,0.0720482400694829,0.055492633600813024,-0.061203182072354256,190.1699981689453
NVDA,2025-11-24,0.06977080642964088,0.0706844887952225,-0.032077692847347954,0.06673065370620171,0.053613081317352436,0.0583103275969267,0.06927793689058075,0.04345320019037377,0.005797080210695454,178.8800048828125
NVDA,2025-12-02,0.043602922959549505,0.057840851010824416,-0.04960223509483196,0.06022035936387101,0.05319754231605528,0.054663199723422,0.06271029623508079,0.03058624427982577,0.030812106479686897,179.9199981689453
NVDA,2025-12-09,0.03935762351152774,0.0689032399039991,-0.08929874899299498,0.05528951302041385,0.05262897947459969,0.049475490584342564,0.05802162396044738,0.03809071175957185,-0.051194075740266784,185.5500030517578
NVDA,2025-12-16,0.04213063882692487,0.04967372992489325,-0.018939271385067354,0.04312418440422737,0.05208107446929119,0.04691405073634435,0.06324195117723497,0.060250037813140644,0.041119239235446144,176.2899932861328
NVDA,2025-12-23,0.03522850389640543,0.047032212214343186,-0.01798895911877061,0.04550727165079466,0.053063817942522976,0.050845418548028654,0.06713657049496845,0.033929292666540906,0.020742552742946917,183.69000244140625
NVDA,2025-12-31,0.04919862934730942,0.04995159013177896,-0.016567904336498428,0.04316935997415651,0.05303099054768995,0.04667335119368815,0.05900805838804253,0.017985030741135402,0.008336739374852426,187.5399932861328
NVDA,2026-01-08,0.030248812671425013,0.04605724587922586,-0.031730165981798585,0.04147786075216814,0.05046208124939938,0.04106057631510838,0.0543102158066093,0.026570873555511753,-0.03207797521979516,189.11000061035156
NVDA,2026-01-15,0.04733649907791127,0.050103813467443165,-0.043533402817537134,0.03885898178909243,0.04853043197813756,0.037655690743649196,0.056184350568343866,0.058185782194609084,0.009239681842863464,183.13999938964844
NVDA,2026-01-23,0.043925422225729864,0.05996872433626104,-0.04227710977778474,0.03826606060978524,0.05081788181251932,0.044066910946484794,0.06611407469972519,0.025834410757352325,0.04065750570635374,184.83999633789062
NVDA,2026-01-30,0.04036500078149078,0.04991250616394451,-0.027631007783570662,0.0364484783833826,0.047555994429402705,0.03999151030236269,0.047570828245539355,0.055878341268169394,-0.11335148458103984,192.50999450683594
NVDA,2026-02-06,0.03466733559795915,0.05208812029991072,0.03735776202595599,0.04420371983955655,0.04687407802126623,0.04486933208202013,0.054910362247141374,0.08214969427232605,0.08399113549921752,171.8800048828125
NVDA,2026-02-13,0.044682527921291286,0.04146103618998993,0.0009846910702583133,0.060486786799799984,0.04790867245827579,0.05559450436821288,0.06485199840762872,0.031641209144159736,0.015288570473143396,186.94000244140625
NVDA,2026-02-23,0.04297259310182315,0.0415597593530851,-0.01675291758519742,0.05502201507467883,0.04598428099048676,0.050197658287935876,0.055654989172747575,0.07266505927134669,-0.06885367633897627,189.82000732421875
NVDA,2026-03-02,0.04199407973727532,0.060793915691459505,0.03748157094736855,0.06449909565465087,0.049057732599391245,0.05799426934204028,0.0692881252676905,0.04747245746304302,0.0035492269334970955,177.19000244140625
NVDA,2026-03-09,0.039079115441156026,0.06930286504745178,-0.006564382685627101,0.06329934633962532,0.05016112576828233,0.05539120474683491,0.06311293548781981,0.03735963715750355,0.013572932283118315,177.82000732421875
NVDA,2026-03-16,0.03632020335577237,0.05164060912493526,0.03436955231225678,0.05094979273525749,0.05013306775723362,0.05109028513284659,0.057020174190514444,0.0400862622497416,-0.04278880868328737,180.25
NVDA,2026-03-23,0.03266636816624838,0.05088191775026011,0.06332300908217058,0.051528712912173744,0.048344508698633604,0.04872692828314431,0.05536275302933452,0.05449130247027276,-0.030453194855360532,172.6999969482422
NVDA,2026-03-30,0.030152001271687438,0.06271760620678386,0.08686917969839567,0.04607806683926433,0.04978598266092041,0.05066697872037995,0.05838506836901147,0.05748109818550703,0.05865625436160054,167.52000427246094
NVDA,2026-04-07,0.034390534744202,0.04213824174572327,0.031389777318486536,0.04940695218848787,0.05238042531710123,0.05203428333946799,0.057943392884573154,0.03535898941792954,0.06362684313746679,177.63999938964844
NVDA,2026-04-14,0.030472249509555797,0.04132557690491544,0.011679434465848237,0.04869424964021401,0.05285650821906192,0.0481645803800756,0.05243702542485064,0.04270178758805672,0.06517880079152767,189.30999755859375
NVDA,2026-04-21,0.04010067295747204,0.04114689322872056,-0.008318405512557013,0.04621031111203702,0.05149533715978746,0.046312962388891335,0.04996441868095009,0.06182336315802145,0.06953383345362542,202.05999755859375
NVDA,2026-04-28,0.044543397117218164,0.05620883536661084,-0.06407398676260583,0.04260456291944345,0.05395066747969285,0.05162859878277494,0.05801668578652452,0.05362704615384539,-0.08741018651298717,216.61000061035156
NVDA,2026-05-05,0.042349271539196535,0.046506805374278294,0.01205133567293583,0.049087525826152334,0.053667385584094604,0.052025869404513224,0.05917236199824619,0.06504523731393248,0.1003905398973248,198.47999572753906
NVDA,2026-05-12,0.03416855332560158,0.05579426106583183,-0.047764175339287916,0.05539725658714215,0.05157304510557808,0.05544381543590538,0.0606714907571541,0.06794407225112782,0.013038960623767934,219.44000244140625
NVDA,2026-05-19,0.04437142400424158,0.07162647628442781,-0.10028945396290291,0.06301367429533673,0.054471698625861834,0.059252354440164266,0.06539887569422134,0.030325258390110726,-0.03413116229964596,222.32000732421875
NVDA,2026-05-27,0.046278905719960725,0.06546057085684537,-0.04906189552382096,0.057673014584426224,0.050797833344995776,0.05313360742307003,0.0569245340856925,0.06419517630635274,0.03637764742264186,214.86000061035156
NVDA,2026-06-03,0.03775544419084722,0.0654227116035327,-0.0771790005139413,0.058980092819050305,0.05214666508819187,0.0567946573580203,0.06257108316720951,0.07799054630238479,-0.06791316748723225,222.82000732421875
NVDA,2026-06-10,0.029702315067562934,0.053297665294454094,-0.015024180278387395,0.0640745461598852,0.05620506689517242,0.06276408375360021,0.06928717332430023,0.06096591190112788,-0.003753607717335127,208.19000244140625
NVDA,2026-06-17,0.03353379036567808,0.04534807314788298,-0.024665374337178088,0.06198270312663367,0.05761748754735781,0.06216502400411646,0.06635393580862743,0.05406651210662658,-0.041392703572672745,207.41000366210938
NVDA,2026-06-25,0.03379897731360821,0.04610303897417734,0.00419965840430138,0.06599356219771399,0.05763121891388841,0.06020480584143602,0.06394462550026138,0.03919350410971769,-0.007161249840755456,199.0
NVDA,2026-07-02,0.03471709793885729,0.04548772308044176,-0.005635110739351935,0.05968345235442455,0.05654581858315641,0.0554195988818339,0.05736294878919179,0.03985991313202109,0.02597806662085697,197.5800018310547
NVDA,2026-07-10,0.04117840526150446,0.04943275752529373,-0.01658917279481476,0.050602453317230456,0.05688086586823399,0.05186609617995548,0.053652712948571865,0.0709713213830262,0.022527624862117034,202.77999877929688
NVDA,2026-07-17,0.03790945501064049,0.04198208040607934,-0.02154381298971318,0.05401037793321912,0.05927456751200944,0.05712274953618001,0.0602924983923324,0.04063711712218009,0.006535974095203389,207.39999389648438
NVDA,2026-07-24,0.030264287866870104,0.03789652160948971,-0.000577358737127828,0.050519981652874836,0.057693575938814516,0.05322089862990511,0.055521546067743566,0.06861540941481131,-0.06798060915198047,208.75999450683594
NVDA,2026-07-31,0.047344063400163665,0.043864083228951196,0.023053067046189337,0.05843759608574981,0.0590365472893234,0.05769735786020465,0.061692829718576016,0.05875320875090789,0.11582146044765095,195.0399932861328
AMD,2024-08-01,0.10649135154812239,0.11002042287636603,0.06657343521168556,0.08373747705638415,0.0631196112998213,0.07534347964639002,0.07034660539998974,0.09541643198661093,-0.11589008713110587,144.47999572753906
AMD,2024-08-08,0.10994848712131126,0.09739283948835742,-0.026800376036737558,0.08092456291065177,0.06787585524859151,0.07984170165445094,0.07052025419861882,0.0699820442930951,0.08973429405352744,128.6699981689453
AMD,2024-08-15,0.09044518752138508,0.08078922636280325,-0.008484449481092608,0.0785100155910615,0.06934766966546749,0.07673375042860296,0.06655177250365157,0.06527972936907556,0.11440649526969943,140.75
AMD,2024-08-22,0.05404768395478367,0.06756769719573195,0.03577634334569204,0.0759712186717101,0.07060167129549363,0.07342623087570059,0.06639388776915499,0.062269272780173614,-0.07532241796828554,157.80999755859375
AMD,2024-08-29,0.09134680848678407,0.07971600262456761,0.05193869881778646,0.07631708505156745,0.07106228220741567,0.07038019673206074,0.06638826309326007,0.08949702825295852,-0.04843492560079747,146.36000061035156
AMD,2024-09-06,0.11280776109960916,0.09670855667617025,-0.009541403183212286,0.0738473444468875,0.07329738045906851,0.07595413822930198,0.06685821090602932,0.07492461141330051,0.07812110640801737,139.44000244140625
AMD,2024-09-13,0.08758832835868714,0.07465724581766796,-0.007786729516107854,0.07526418985043347,0.07651714090962546,0.07553413680797019,0.06701888889043642,0.05943228269407504,0.03883289154262934,150.77000427246094
AMD,2024-09-20,0.05101074723282165,0.0680519263021115,0.043667469519951124,0.07439361840338625,0.07700973534790423,0.0723488995520609,0.06691593768203571,0.04227544233415508,0.06633526411628303,156.74000549316406
AMD,2024-09-27,0.0633678407165035,0.06912033613366693,0.013912921544423367,0.06888881222500927,0.07621887025297358,0.06601327453020715,0.06671525512355171,0.037925670069388843,-0.0280941115857325,167.49000549316406
AMD,2024-10-04,0.062047907666082265,0.07269463596426277,0.022474978121045708,0.054210084417693344,0.07390126731248887,0.05985635521990103,0.06677854541129094,0.0649210395627179,0.008133773107598824,162.85000610351562
AMD,2024-10-11,0.039087413520524056,0.05855139622782547,0.028469228717723834,0.052839101533900444,0.0694527586548348,0.061122838688843134,0.06873748121732995,0.06028393780440553,-0.04950605369270101,164.17999267578125
AMD,2024-10-18,0.05394115439664969,0.06959667178197661,0.053340019570571336,0.05398336442520566,0.06784859105233398,0.06072171370871211,0.06630842780758713,0.02867250734915353,-0.018147661570236905,156.25
AMD,2024-10-25,0.06311782479541107,0.07440009442181879,0.05810558808395279,0.050590077408523816,0.06582754702818178,0.05407011375067711,0.06609223801498955,0.1262205113417638,-0.0630102836349764,153.44000244140625
AMD,2024-11-01,0.07644812328613272,0.08481775010257459,-0.03349506093021697,0.07922642748304866,0.06999225070920506,0.08122828249043942,0.06765191192223688,0.04416912988267398,0.03913527899522714,144.07000732421875
AMD,2024-11-08,0.09034862444532799,0.06591602674836937,-0.0474957697717116,0.07594998358426475,0.06827699353975494,0.07348058253218459,0.06752222413386252,0.042143344540086065,-0.07611245778941168,149.82000732421875
AMD,2024-11-15,0.059787567076310826,0.07941336792961524,-0.06752761993659001,0.07215281354357142,0.06658426419782087,0.06667742696110131,0.06745550866282461,0.04328851144846282,-0.009770937474781796,138.83999633789062
AMD,2024-11-22,0.0800912595962604,0.06057100054589404,-0.060539514464117455,0.07421544191875161,0.0654317685044322,0.06102308929875461,0.06723164401416333,0.03459671151491258,-0.0022573484624590382,137.49000549316406
AMD,2024-12-02,0.08423439938074508,0.06624584827036427,-0.04672400061769587,0.041920113298390356,0.06090242179264514,0.05518760546715149,0.0669543286859598,0.046381967514500196,0.010226028976786396,137.17999267578125
AMD,2024-12-09,0.06780585710402591,0.06382649702917678,-0.016728904821854518,0.04197317731186594,0.05836124922294807,0.05274015920081672,0.06684197076524813,0.07108993034388589,-0.0880417049786302,138.58999633789062
AMD,2024-12-16,0.044874153810025685,0.05907473142714604,-0.025403005921688083,0.050970311025761515,0.05900895395397903,0.057427324788180696,0.06692214503478901,0.03858442822173085,-0.06259156662807265,126.91000366210938
AMD,2024-12-23,0.038714047509600516,0.05160748305981079,0.014933178721221152,0.04832210014737439,0.057934444995014905,0.05310075901638478,0.06664797806829928,0.05222358328908747,0.026734497966868817,119.20999908447266
AMD,2024-12-31,0.04360601315533123,0.054444353873036505,0.019212896789580148,0.05324978679374993,0.059279445155745576,0.05237789480128144,0.06670300170937724,0.05518803587086615,0.03916102194890636,122.44000244140625
AMD,2025-01-08,0.03868250042677721,0.04867032985879745,-0.016482532328482683,0.056093282092025416,0.05863975658493829,0.053320834919706905,0.06657978708647323,0.07502087066666664,-0.059623809716861396,127.33000183105469
AMD,2025-01-16,0.03668735085561578,0.0517300628640907,0.003066103071743512,0.057882173376539676,0.060001606879546594,0.059329984608442084,0.06559491317655661,0.031902103824205476,0.02535116694935599,119.95999908447266
AMD,2025-01-24,0.040103616153104,0.04170995750903165,0.009450299238679889,0.057052369527051394,0.06038688421617499,0.05330460484150937,0.06532452201830502,0.07288752012576613,-0.03456317812466524,123.04000091552734
AMD,2025-01-31,0.035163609665392545,0.054668377790094674,0.02996255583062008,0.06274458557631828,0.052566705710610805,0.05865402312066647,0.06529652649746269,0.08542423681849888,-0.07601244740961248,118.86000061035156
AMD,2025-02-07,0.03451290400515869,0.083209398536253,0.09294266514793334,0.0692187893729973,0.05599149101662505,0.06720436974443168,0.06589242078193794,0.036754694645432115,0.014867092660016309,110.16000366210938
AMD,2025-02-14,0.03943472882341384,0.06701358695239419,0.07241484277312422,0.06226225241077948,0.05627037442560302,0.06036394321324525,0.06546559855303889,0.03389701988002929,-0.008713293368788263,111.80999755859375
AMD,2025-02-24,0.03076277557423261,0.07473733639427986,0.09055520610267223,0.06190954877360732,0.05572763437514643,0.05481457692192296,0.06548361740173365,0.06961386770847014,-0.10431847577064035,110.83999633789062
AMD,2025-03-03,0.05457596819174949,0.08628708137141658,0.13031622907254908,0.05877347867754812,0.05777531884955223,0.059095837872441256,0.06543169977119445,0.04473597248889732,0.004496155372245017,99.86000061035156
AMD,2025-03-10,0.056940290684563556,0.07846744894668972,0.12148388327386388,0.04841874298561192,0.05762023492841355,0.05563522420281425,0.06521319824955485,0.06793978124244662,0.006558088549209486,100.30999755859375
AMD,2025-03-17,0.05177473518847358,0.08352561682205593,0.11092721837498652,0.05641073260470741,0.05793720310441887,0.0591037510315733,0.06544564920332921,0.046227929134462296,0.052758013940422566,100.97000122070312
AMD,2025-03-24,0.04470125316552149,0.060099731184998326,0.05574712214781649,0.05964410994594812,0.05888438040583617,0.055628874015842614,0.06532095590344475,0.09176964836378991,-0.030718824499604912,106.44000244140625
AMD,2025-03-31,0.04228168330831978,0.06837627532803273,0.08573967689811086,0.06712331961258095,0.06266492006962038,0.06640834906161103,0.06573536115934378,0.12937149825623478,-0.18530992231491245,103.22000122070312
AMD,2025-04-07,0.056402249942809485,0.13117298032491517,0.2042897909744526,0.08985887412558018,0.0700551412628991,0.09000983744453306,0.06677852769152808,0.24730268966838517,0.08533863933993478,85.76000213623047
AMD,2025-04-14,0.048368043875570164,0.0783892260769643,0.087684112335413,0.15230736246418244,0.09872112932227059,0.14932429882956622,0.11374058805940225,0.08130969619220992,-0.08767350589206048,93.4000015258789
AMD,2025-04-22,0.03686172951362196,0.09682453825831017,0.12815657146241186,0.15436150883033675,0.10060785549946748,0.13466158870756498,0.09169991027490454,0.06877819624774156,0.11918459978400252,85.55999755859375
AMD,2025-04-29,0.03449915236263115,0.055101361853312256,0.03366964200222048,0.15304193781769224,0.10098020383223595,0.12057484276653108,0.07610868491549945,0.03237651274293942,0.04265035727617741,96.38999938964844
AMD,2025-05-06,0.021223817924989213,0.040235162927657976,0.013281215357901518,0.1379135426396302,0.09857876111278817,0.104721566452652,0.06733960425631114,0.05919465636801802,0.07218893407138635,100.58999633789062
AMD,2025-05-13,0.03883788965746182,0.0553332610872916,-0.022777468372392758,0.06245636609686248,0.09955055646001532,0.09513826928248222,0.06927422990877122,0.07057532567818027,0.05942693374437878,108.12000274658203
AMD,2025-05-20,0.039531600262275216,0.06625309609846491,-0.08629563134044775,0.05119080268588778,0.1011679276465779,0.08892077673631286,0.06862034289455701,0.04325047432716315,-0.0015699986545374927,114.73999786376953
AMD,2025-05-28,0.06088736601169556,0.06326147404151648,-0.06640707133628652,0.05107406055178801,0.09978898318161138,0.07965711344176207,0.06728897731055315,0.04879245392443997,0.023721300804873103,114.55999755859375
AMD,2025-06-04,0.06356888960353146,0.07386299251838782,-0.09484220218227321,0.055140905388002766,0.09991002562210634,0.07295293070831137,0.06694469613326896,0.0553614697438893,0.04931367368851142,117.30999755859375
AMD,2025-06-11,0.058312482558698774,0.07160485660685749,-0.09867683569650205,0.05486932182961913,0.09914176104573923,0.06890529151520626,0.06719945010153013,0.09129093660126768,0.03084050979550483,123.23999786376953
AMD,2025-06-18,0.06397259095025129,0.06332614832158587,-0.07084202013207283,0.06309331832938417,0.10181316711300871,0.0761753209245965,0.07252517909780692,0.07650014647697179,0.1206637194125818,127.0999984741211
AMD,2025-06-26,0.04720980466852461,0.06927816568096981,-0.05023213147220787,0.06710363294887607,0.10019954186978236,0.07698286893424575,0.07211179042804687,0.04719032587087213,-0.03462313522478845,143.39999389648438
AMD,2025-07-03,0.059409733651090896,0.06505129026367701,0.017941137566077806,0.06901009015556911,0.0929422484827823,0.07056345497189691,0.06838213715003744,0.05201594789354405,0.039909068885256645,138.52000427246094
AMD,2025-07-11,0.04247808549810569,0.06597787640310347,0.032630020749484116,0.0686135928089525,0.0611819915615296,0.06651476658507607,0.06822374897021476,0.0700476013817515,0.1068092411953152,144.16000366210938
AMD,2025-07-18,0.0316634531016578,0.057045014517659275,-0.06961142955756915,0.05845081021982744,0.05750568567192614,0.06750933315073586,0.06893826017491897,0.04213970733292469,0.010603711183167367,160.41000366210938
AMD,2025-07-25,0.062272426593009786,0.09157952581500929,-0.1157355140457924,0.05346483412079658,0.056856277561556826,0.061880672441283195,0.06714673750823655,0.05840201872192209,0.08390702380383272,162.1199951171875
AMD,2025-08-01,0.051957600028673924,0.11171351024500024,-0.16020069775329704,0.05101419670901297,0.0580504396150754,0.060670351550732984,0.06692390962578922,0.0959889625676687,-0.022426472619063,176.30999755859375
AMD,2025-08-08,0.04820700131321433,0.09290392976229413,-0.12105124874039976,0.06826217616119869,0.06317506919549831,0.0727466278024679,0.07436651689944541,0.0582095441889625,0.04840341031818287,172.39999389648438
AMD,2025-08-15,0.0828011331379479,0.12139326078259702,-0.1670154111999566,0.06700926630921727,0.06221323857658254,0.069603345833059,0.06992753414693198,0.060917282152238225,-0.10012412226756899,180.9499969482422
AMD,2025-08-22,0.04059756133880366,0.06087340959841538,-0.05152382888252985,0.07203650445583712,0.06433935991436408,0.06730688712198946,0.06846765494075473,0.04216621479728178,0.029313814553989626,163.7100067138672
AMD,2025-08-29,0.048061704101896925,0.05533606218502359,-0.06377062934516733,0.06880681451737351,0.06389672710916029,0.061330756942374706,0.0662557314345166,0.07705310914635935,-0.1092038698767179,168.5800018310547
AMD,2025-09-08,0.03968113867089415,0.057978483399217136,-0.03541086265652092,0.06058566769862612,0.06673139499665058,0.06649098199852885,0.07186765444255812,0.048247196422312996,0.04798962683640349,151.13999938964844
AMD,2025-09-15,0.05787106111029261,0.07580687778217864,-0.09769608560347859,0.0582245074707232,0.06271980519736864,0.06219734983690928,0.06823214304712394,0.02049602400400943,-0.007469384705104964,158.57000732421875
AMD,2025-09-22,0.05399088082018342,0.06707551367672214,-0.057713164872582115,0.05227848292532944,0.05941635240620183,0.05424654718129816,0.06572278351639822,0.02025387935900327,0.01306635149256554,157.38999938964844
AMD,2025-09-29,0.0413249589067289,0.06419983471802626,-0.030236842525218136,0.04850560507466797,0.05797061196740793,0.047606669469798586,0.06492045345443845,0.049237491825732144,0.03215031093224852,159.4600067138672
AMD,2025-10-06,0.04661029271439759,0.05135216837611198,-0.02946512701612121,0.03704509468493872,0.05779057835024112,0.0485094934961147,0.0670412232433129,0.2546901007028123,0.26622931513644227,164.6699981689453
AMD,2025-10-13,0.04557725529888042,0.0918487559277661,-0.14079201751981454,0.12927082564191184,0.09124329372518732,0.1331765240190843,0.09244116416979603,0.09229844545441566,0.08120897488397046,214.89999389648438
AMD,2025-10-20,0.1926975952697295,0.27146461111733355,-0.3458954588684461,0.1342735866525979,0.09397569992137453,0.12361846211336287,0.07708336331420186,0.08969468088418753,0.08169147581997309,233.0800018310547
AMD,2025-10-27,0.15559565038162623,0.4538557110636165,-0.699207948922983,0.13880746922507572,0.09605434959711028,0.11624911290224262,0.07896088973295652,0.051791767733661336,0.012572839635298594,252.9199981689453
AMD,2025-11-03,0.11225201521679987,0.47780236791772474,-0.6887844669760548,0.13988577466991053,0.0929274823482417,0.10311354340242962,0.0721055279619814,0.09070465254710429,-0.09229272568673676,256.1199951171875
AMD,2025-11-10,0.1268869376137759,0.5054915999188739,-0.7522875145699247,0.08449215113670701,0.0957860193407967,0.10031000510439286,0.07696917338207193,0.10925675203110506,0.05526546005778896,233.5399932861328
AMD,2025-11-17,0.17263219980922198,0.505458521758284,-0.7372453834644594,0.08992407740382409,0.09862045803519465,0.1025267656733873,0.07807303864836036,0.10112401787701888,-0.19157782540126334,246.80999755859375
AMD,2025-11-24,0.17401428786835182,0.36222974857946727,-0.5159748465309532,0.08994052036369239,0.10309790229455133,0.1024470472096363,0.07981141866899538,0.08073256529398708,0.07549504223498177,203.77999877929688
AMD,2025-12-02,0.21039840387613293,0.4294612990194601,-0.6122742712040772,0.09697537885641648,0.10262190468736719,0.09655561315048554,0.07457104496346761,0.029922451323173834,0.006124301213640502,219.75999450683594
AMD,2025-12-09,0.2531134129688813,0.4618855125712235,-0.6803506457045471,0.08799916075543902,0.10223334185063776,0.0841082119155644,0.07102155021286888,0.051670243691242464,-0.06314350164636046,221.11000061035156
AMD,2025-12-16,0.25790719143067675,0.14705342830519966,-0.1020486736869981,0.07035766974714601,0.10339352100581108,0.07714917514928812,0.07339433410414768,0.0827224392458119,0.03488861238666432,207.5800018310547
AMD,2025-12-23,0.3717511577680302,0.39793429523848994,-0.4575988163250042,0.06645839217031509,0.10591334169666661,0.07872966496035809,0.0757797679703377,0.003224135009174321,0.0018127286366310437,214.9499969482422
AMD,2025-12-31,0.27216122724034586,0.14891734651880903,-0.04438857145293129,0.05230961320296243,0.10505882196310827,0.06745413531706541,0.0706935783829537,0.057695726932178906,-0.025015372760435684,215.33999633789062
AMD,2026-01-08,0.0807914630955757,0.07510533847722162,-0.004312385154654807,0.05785556904364627,0.07696206383072061,0.06499906160945179,0.07275605297336388,0.07199905159537225,0.0626559839565634,210.02000427246094
AMD,2026-01-15,0.06902216559702791,0.07725679496208124,0.016466529561070718,0.0630157061566699,0.07509214536120637,0.06727225096852557,0.07474881205189894,0.08009427570395822,0.12641192409958915,223.60000610351562
AMD,2026-01-23,0.07589745540109058,0.08588329699475657,-0.06650531276789537,0.05974195408279575,0.07418296224514272,0.07149423959685079,0.07648020346241317,0.04039439713293472,-0.006127603475649126,253.72999572753906
AMD,2026-01-30,0.06470765270443138,0.07034298828914085,-0.036500595862427446,0.06347906089209732,0.07357816383355087,0.06442616559442792,0.07102514412940986,0.20863899008086098,-0.27004693547362635,252.17999267578125
AMD,2026-02-06,0.10138760503802978,0.11248466629235,0.09822605238472931,0.12180821171392871,0.09139531968796648,0.12292100850736455,0.11100356078489977,0.09514834160543224,0.06748872235570526,192.5
AMD,2026-02-13,0.07655812530902044,0.0874039523328664,0.08405155528929158,0.12596134091896588,0.09008426030133475,0.11543663703711635,0.08175222982578317,0.03466144048175835,-0.028517821139669167,205.94000244140625
AMD,2026-02-23,0.05524442813165733,0.08953126528839336,0.10957732386450073,0.11765614438127393,0.08600120127221492,0.1005422361565417,0.07376108869740527,0.09527981974861749,0.0002997942738575939,200.14999389648438
AMD,2026-03-02,0.059575524667945565,0.06937028982341213,0.08695558935200812,0.1258656457380079,0.08718597137687363,0.09868391854157402,0.07702864660492006,0.07919943245976692,-0.039634436046995944,200.2100067138672
AMD,2026-03-09,0.08729258814600713,0.10721142943185696,-0.03043111434660278,0.08208694027876637,0.0896776873270176,0.09379671901867048,0.07780906765024359,0.06706561734539437,0.004976459047404696,192.42999267578125
AMD,2026-03-16,0.06906773808789349,0.09208433065378155,0.10242257674386958,0.07407737250648182,0.09064866833697345,0.0871961550679995,0.0755851971734417,0.041508874560650964,0.0402364897149093,193.38999938964844
AMD,2026-03-23,0.09149248401392829,0.09225673894834388,0.09334873089205503,0.07534106681554362,0.08822874118405923,0.07780848797827389,0.07409036712540976,0.10613068025405428,0.0032728564874759283,201.3300018310547
AMD,2026-03-30,0.05204871798665199,0.0716137164774006,0.09003611459037181,0.07906216367269427,0.09347860437285609,0.08679494338320369,0.08246393392684379,0.06819321120101163,0.08622714195704304,201.99000549316406
AMD,2026-04-07,0.07268715951451413,0.06484718429629907,0.039232136537838566,0.07474067471324687,0.09408971999011344,0.08207407405323523,0.0760069806024451,0.06157915773669566,0.1142544876003452,220.17999267578125
AMD,2026-04-14,0.07139148949781995,0.061696200385463675,-0.004818494196402709,0.06968431611529932,0.09340382107968127,0.07703328907684996,0.074966214192195,0.08378053995459317,0.1078894593731847,246.8300018310547
AMD,2026-04-21,0.05991942206440418,0.06753711481268063,-0.06483792967313787,0.0758619061396772,0.0937024793047606,0.0786337866897908,0.07675789720403182,0.15436620868121004,0.1964361510688257,274.95001220703125
AMD,2026-04-28,0.20358710677240274,0.3087957414856496,-0.4154174293499452,0.08358559196758188,0.10274901724237148,0.1053261441237106,0.0960386432514032,0.09339795356710044,0.020439369057970183,334.6300048828125
AMD,2026-05-05,0.10188819985870728,0.42009379322339985,-0.5841122383048473,0.09420913330279784,0.08518390737051981,0.10247056490245238,0.08500415493650389,0.20846926918888106,0.29512778017515484,341.5400085449219
AMD,2026-05-12,0.11373525489267228,0.7774272141485769,-0.9617469762812869,0.12959183647684772,0.09864170056658264,0.1375581655009865,0.10947583635513747,0.06444009055541067,-0.08598355041870637,458.7900085449219
AMD,2026-05-19,0.1278057435774312,0.5610279941493954,-0.7134489229050689,0.13677625237816582,0.10052683475345031,0.12260592014584448,0.08404777809997509,0.11620283523882503,0.1797489621186119,420.989990234375
AMD,2026-05-27,0.12101096606606492,0.7758012567997058,-0.9495312539914081,0.12717640136419697,0.10029074689986574,0.12138778942386357,0.09249754337602745,0.05384278121319914,0.03442791183776688,503.8900146484375
AMD,2026-06-03,0.07690865564644957,0.7780268432724985,-0.9914406684072383,0.12036574485469533,0.09783400195502857,0.10754281074125727,0.07892800009444487,0.13977311709281887,-0.09239799839503894,521.5399780273438
AMD,2026-06-10,0.1138451910385991,0.7015615667451607,-0.9466466686081144,0.10263262058870976,0.10538893015439083,0.11695074467598575,0.09551059772862935,0.1442196191218902,0.06469491622507394,475.510009765625
AMD,2026-06-17,0.10068386871601019,0.7555851784392248,-0.9752079453290932,0.12030590729760503,0.11251870065222246,0.12515226493621948,0.1037673341173807,0.0809917770958457,0.024245818723589968,507.2900085449219
AMD,2026-06-25,0.14359546721311323,0.7825892862425715,-1.0093192446940988,0.11441680129928973,0.11048274525323783,0.11515527055008609,0.08698314864579638,0.11286633611595992,0.039868784065608405,519.739990234375
AMD,2026-07-02,0.09401623344191624,0.7756612553972339,-0.9965573000752109,0.12520300425729627,0.1140729372005252,0.1154656507643998,0.09852659550496146,0.1164903227019471,0.010739282970407476,540.8800048828125
AMD,2026-07-10,0.12268971709931603,0.7833670898625427,-1.0224533804594984,0.11775764384786559,0.11869689924128102,0.1156102915506568,0.09366367396993805,0.08454728119522613,-0.08745039647274955,546.719970703125
AMD,2026-07-17,0.15312087553426584,0.8242618771375081,-0.9785414876183552,0.1026090975524217,0.12035287361745046,0.10859795901595086,0.09127480125700767,0.08474940159650991,0.07450856685673894,500.94000244140625
AMD,2026-07-24,0.13783933805248208,0.8326554199465128,-0.9739283282570244,0.10332444005457397,0.11515086016271577,0.10283517940519396,0.08584189740919607,0.17119607774960438,-0.10604218347109011,539.6900024414062
AMD,2026-07-31,0.24401239772502648,0.847895788338029,-1.0327577254075704,0.12206873610326201,0.12309502319553069,0.1266151334731645,0.1313269546563972,0.10402323066077959,0.007982198552537633,485.3900146484375
TSLA,2024-08-01,0.06462396728443609,0.06740432862953535,0.00900846272403303,0.10859743241355987,0.08245300570046454,0.10285661399081623,0.09073370061148994,0.10231012947959728,-0.19079452037496117,232.07000732421875
TSLA,2024-08-08,0.08050906509413522,0.08834695446977812,-0.07214080362613351,0.10815197030397476,0.08665068710329579,0.10218780435327839,0.09073338383640758,0.07145682018927306,0.048949133254136905,191.75999450683594
TSLA,2024-08-15,0.08245249719015961,0.08274561295006906,-0.07052470870971161,0.10531874825337598,0.08811046081751575,0.09516594887088291,0.08683942398179174,0.07009075941271674,0.10318812581196588,201.3800048828125
TSLA,2024-08-22,0.054229174028034524,0.06607202083069812,0.05062764606460573,0.08468059716354069,0.08640850795930846,0.08853727898670222,0.08303311914241274,0.08427889252041032,-0.08171998098901502,223.27000427246094
TSLA,2024-08-29,0.12194831468409283,0.08664842508948488,0.0037148186853752175,0.0840810260873876,0.08976178288895585,0.0867038582455617,0.08243149288672941,0.07509594281456089,0.11215631882319595,205.75
TSLA,2024-09-06,0.039736917833531366,0.05958000095786602,0.05701686008882841,0.07450621334745874,0.09159321343749229,0.0842641529129565,0.08222216963899577,0.10291485228598668,-0.001565288435146484,230.1699981689453
TSLA,2024-09-13,0.04676974163772722,0.05851117936481468,0.04330610822778446,0.0848753458095459,0.0940247518185108,0.08816197935024217,0.0843814513607175,0.07289910537003416,0.05958742522798686,229.80999755859375
TSLA,2024-09-20,0.04337082282272732,0.058796170198043195,0.014374467515261776,0.08623229589435721,0.09563267303340225,0.08531964741500155,0.0824087759776309,0.05825116356687577,0.041359743495066076,243.9199981689453
TSLA,2024-09-27,0.040877955121919544,0.06799900625452135,-0.014968558973880674,0.0772911865758351,0.09075653655601584,0.07864196497848962,0.08012427485040365,0.05681352144312423,-0.054814874441322756,254.22000122070312
TSLA,2024-10-04,0.05547992165069202,0.06015121668171061,-0.00861747053951797,0.07682414943772664,0.0895482080825781,0.07375784627822676,0.07882001691570979,0.058444328007200716,-0.00788440084746589,240.66000366210938
TSLA,2024-10-11,0.059423206123748185,0.06639939496130755,-0.007449353462933761,0.06340730542341216,0.08632364210753433,0.06956461797463875,0.0769887564884079,0.09251961050979567,-0.07783592609390486,238.77000427246094
TSLA,2024-10-18,0.0635735869839984,0.07596277210738486,0.060994858472223634,0.06902479247266652,0.07947938770865579,0.07456540251526252,0.07818069487274518,0.1994157684620778,0.16486128770582903,220.88999938964844
TSLA,2024-10-25,0.05187528026401098,0.05875837847210796,-0.030944229917615394,0.12024148379012883,0.09534735169610056,0.1265164461542574,0.08885936868586536,0.05314008113792182,-0.04166536277248358,260.4800109863281
TSLA,2024-11-01,0.057090069083287245,0.06158995444143727,-0.0177051297079639,0.11975403928746345,0.09145108471320709,0.1117585329492467,0.08243432191386754,0.14696523014049284,0.17256831269184816,249.85000610351562
TSLA,2024-11-08,0.06071445340336542,0.10032713108346783,-0.1696133003952015,0.1360867918544075,0.09821912950860481,0.12342407822732479,0.09053924464410887,0.14540061590904219,0.046942424439114915,296.9100036621094
TSLA,2024-11-15,0.10781002360274723,0.18960984281451632,-0.2707263019436164,0.14460312483017984,0.1052593058334918,0.12886534891712922,0.09532317106406828,0.06732080281253504,0.08751477691057127,311.17999267578125
TSLA,2024-11-22,0.09896381538856013,0.3240531306700886,-0.4807080294233335,0.11070976303352514,0.10325932697367225,0.11538184381464722,0.09088169727528081,0.06777210394516298,0.016121811989528143,339.6400146484375
TSLA,2024-12-02,0.0797122631663774,0.42182065755245574,-0.5746641880873279,0.11079147889688486,0.10342515810684158,0.10474491557102686,0.08635552890642005,0.07392077830899088,0.1201366513393036,345.1600036621094
TSLA,2024-12-09,0.07855607792112553,0.48856054925681414,-0.6710587081426358,0.09186148122079389,0.10050888282475297,0.09783725999223361,0.08311282671211216,0.0785882928203024,0.11402491278891885,389.2200012207031
TSLA,2024-12-16,0.07768246865842492,0.558395921691918,-0.7782506208934522,0.06295397272115286,0.10044830855705784,0.09330994031553794,0.0809768777955738,0.11671466706351563,-0.03539431683404756,436.2300109863281
TSLA,2024-12-23,0.13092860130226663,0.5631195791867588,-0.7539559649929345,0.0851421526889406,0.1052352577292886,0.09958702733755605,0.08197912537089086,0.09777556884417735,-0.008706374580432379,421.05999755859375
TSLA,2024-12-31,0.13398313750781132,0.550565114832947,-0.6616808107041553,0.0932125751595596,0.10743542291860106,0.09899084094693279,0.08550236889757624,0.11394469354274492,-0.05680480040173452,417.4100036621094
TSLA,2025-01-08,0.099480255076929,0.5753305280024421,-0.696508386844842,0.10554779706142674,0.11147156023651861,0.10295659505218266,0.0864342581087751,0.08211806275291372,0.08237292449967192,394.3599853515625
TSLA,2025-01-16,0.0939305462438459,0.5149236458111391,-0.7124763668767982,0.10624199286834723,0.10958391073963156,0.09891260067988653,0.08326946038576104,0.051119260503906534,-0.03769181885954134,428.2200012207031
TSLA,2025-01-24,0.12034747071522922,0.5826958288973807,-0.7394299227656328,0.09159165022371187,0.09581678039953272,0.08850283815850168,0.07986045399411712,0.045619312962287495,-0.02978096702950229,412.3800048828125
TSLA,2025-01-31,0.17360586520774512,0.5788031631175633,-0.8150001017460531,0.08002182250464653,0.09540591070367385,0.07952189181953079,0.08720793325583413,0.06964808054159417,-0.0670532330479406,400.2799987792969
TSLA,2025-02-07,0.13289324758518062,0.6053505311818312,-0.738862509837037,0.0651971395079406,0.08899941927126602,0.0768369382214459,0.08389425784851545,0.10072463183140738,-0.05034888194381339,374.32000732421875
TSLA,2025-02-14,0.23751467171690802,0.3639525946114876,-0.4857373509465171,0.06878966920895463,0.08390081281141774,0.08421849244738615,0.08944382940181425,0.05429498956877105,-0.05230821594403907,355.94000244140625
TSLA,2025-02-24,0.2329949057641249,0.36739719398956233,-0.4955918219838298,0.06889262295304412,0.08325001412149934,0.0779435606011297,0.08773386219119471,0.11051875495743375,-0.14234958343665594,337.79998779296875
TSLA,2025-03-03,0.09533260546865682,0.10016168766604254,-0.050082260996918766,0.08157911588146903,0.08682475717070115,0.08735828726548915,0.09007153167868498,0.0829478977973618,-0.10920584221543961,292.9800109863281
TSLA,2025-03-10,0.09011195742891603,0.09140881056836295,-0.025705753307250608,0.08258141230988442,0.08647581727886357,0.08617965398259368,0.09127511485779433,0.19280291395363275,-0.04951764501387909,262.6700134277344
TSLA,2025-03-17,0.07757883013987817,0.08251981046799156,-0.019827226316181903,0.11806748937669449,0.09942568771428277,0.12035882763755737,0.09336483572531533,0.10074165954711306,-0.005093311487854137,249.97999572753906
TSLA,2025-03-24,0.09681719424817822,0.08692627686294606,0.027998237174921708,0.1274545345826699,0.09817062123115641,0.1151977245986972,0.09575758367425669,0.13594855478450726,0.05795547090049913,248.7100067138672
TSLA,2025-03-31,0.07334892407077316,0.09111613202302257,0.007978128697449783,0.13776780413927653,0.10240329410401486,0.11948970577500899,0.10138195421300498,0.13962865112998185,-0.09598198901771259,263.54998779296875
TSLA,2025-04-07,0.088177677081658,0.0920420083503379,-0.037266199460677746,0.14944716570053135,0.10481081641923623,0.12683714690805922,0.09873810001487529,0.2252079640475042,0.05239741257427487,239.42999267578125
TSLA,2025-04-14,0.07643164309299909,0.10133646393152285,-0.046406867627595744,0.16127891427897204,0.12111358478869774,0.1590110807642207,0.11458894668722452,0.07823554786533599,-0.10350824214906666,252.30999755859375
TSLA,2025-04-22,0.07160832394586643,0.08073844551991491,-0.04204123157105328,0.1576307514472278,0.12190688806863352,0.14249480373757403,0.10597448040013935,0.12122323305228788,0.22842192104071032,227.5
TSLA,2025-04-29,0.07264662006136421,0.0888430572639869,-0.030952720913596223,0.15449402928591327,0.12755367073229865,0.13727654285795118,0.10817264984432066,0.05314763224676674,-0.019854380844768087,285.8800048828125
TSLA,2025-05-06,0.1274827595051991,0.08149951806103851,-0.036793061810209055,0.13871547961215663,0.12704314121410254,0.12074803351448961,0.10765323673897768,0.08746323712319862,0.12752787467647217,280.260009765625
TSLA,2025-05-13,0.0947515152709627,0.07822382866386686,0.05901213685147229,0.08673238058165653,0.12660643459112433,0.11360759924457066,0.10576352636441314,0.07109157010512465,0.07182819636885218,318.3800048828125
TSLA,2025-05-20,0.09320632692409384,0.08574034449332608,0.030230383831577466,0.07592151176112873,0.12737742868882349,0.10363108838794637,0.10429612853898146,0.07516159351149963,0.05902594877264255,342.0899963378906
TSLA,2025-05-28,0.09652519866275625,0.08849709395173437,-0.004102017695374415,0.06945841886185868,0.12491671820658169,0.09759830750451236,0.10456030372988775,0.03987336476343019,-0.05267359708268795,362.8900146484375
TSLA,2025-06-04,0.06821611716755972,0.09634558707862093,-0.06288114306670864,0.06849352982430716,0.12295183444526665,0.08604939338049787,0.10297721484808296,0.17692379855383517,-0.05425279566756013,344.2699890136719
TSLA,2025-06-11,0.0930874839113548,0.07693190697550084,0.02397868067610185,0.10707420609921166,0.12092643975482247,0.11601499998601941,0.10473270509985444,0.05089667258833095,-0.03032419076821965,326.0899963378906
TSLA,2025-06-18,0.06723917908309773,0.07768574583674684,0.04332022008453214,0.10365136079281834,0.11832457653443788,0.10304882597437451,0.10706300941052063,0.09295801686966491,0.03479146302374991,316.3500061035156
TSLA,2025-06-26,0.0552371977633496,0.06841853359663637,0.057173388239255246,0.10711367095969236,0.11481167707536216,0.10070958028390553,0.10724774589813996,0.0760121396063924,-0.03700669243290182,327.54998779296875
TSLA,2025-07-03,0.06735368898404563,0.06999866337119574,0.041266886857186665,0.11231405171332462,0.10944414932539161,0.0954521410144933,0.10789821444701932,0.08539168031863939,-0.01848114654825924,315.6499938964844
TSLA,2025-07-11,0.06282787243022721,0.07471255325310161,0.05949404767167269,0.07975471229212207,0.09135653928845913,0.09282956205507022,0.105011187240928,0.04322308326538874,0.030322716530819773,309.8699951171875
TSLA,2025-07-18,0.06250773469805414,0.07413597141437248,0.04992334656032292,0.07876410306606794,0.08878425993353341,0.08270691767932205,0.10569464589210026,0.09189533238909076,-0.04518069570274885,319.4100036621094
TSLA,2025-07-25,0.0798246541499409,0.08731010476164863,0.022510827502318857,0.078026892750056,0.08665728586767651,0.0865066297692294,0.10816082665969075,0.05908731543061734,0.00968112694456888,305.29998779296875
TSLA,2025-08-01,0.07221538959727129,0.07430888957285618,0.0520358688038817,0.07445954731651065,0.08694403085007299,0.08007028861670239,0.10808480103074439,0.04621038846959533,0.04441368271651378,308.2699890136719
TSLA,2025-08-08,0.050376746697837774,0.06430957025468222,0.017530224138261885,0.06460959975485689,0.08428848803747764,0.07253443099551443,0.10525095527460829,0.03838517326743604,0.04047066862984985,322.2699890136719
TSLA,2025-08-15,0.04525319338924533,0.06504737811740652,0.023879130640640678,0.06370768286192768,0.08246694059400843,0.06502055001522135,0.10191028552974349,0.03378083840165667,-0.04719569708339961,335.5799865722656
TSLA,2025-08-22,0.06200302742155079,0.06925684057855094,0.03487652262365462,0.046251835265480726,0.07998156345224239,0.058302475957456315,0.10169204699135748,0.06602971708253867,0.07771636070842056,320.1099853515625
TSLA,2025-08-29,0.04963445395428299,0.055591206338110974,0.0329781619228717,0.04713913961090323,0.08157198024477127,0.059402126371639476,0.10293626889952671,0.05574750126922192,0.013949266972002827,345.9800109863281
TSLA,2025-09-08,0.06368667676913367,0.07479345157664416,-0.0023920109923008994,0.050579610869767276,0.0652466128312391,0.058232166418244496,0.10115348268675912,0.09301860867060271,0.1209324221444242,350.8399963378906
TSLA,2025-09-15,0.06209957347998006,0.0818433904703896,-0.08908273965475752,0.06467208200093447,0.06860958942870155,0.0707903589153609,0.10152770364158689,0.0551005159943003,0.07334097841995792,395.94000244140625
TSLA,2025-09-22,0.05670774970840978,0.1004016700448251,-0.14303886782541764,0.06297071053470996,0.06485158578181675,0.0667173148839384,0.10009757038372212,0.07626600828208295,0.033079721780052924,426.07000732421875
TSLA,2025-09-29,0.048425615530013635,0.1333498046947213,-0.21973161739045707,0.06825161302201549,0.06442052320741218,0.06986794733255006,0.0991800570315667,0.06375844916756779,-0.024293640549694406,440.3999938964844
TSLA,2025-10-06,0.06431372121949021,0.12408216378497758,-0.17974504717170403,0.07165067786077321,0.06230556937405615,0.06863468877593902,0.09808740832828587,0.08832311523354361,-0.03875644368290654,429.8299865722656
TSLA,2025-10-13,0.04690445098009201,0.08822376707654173,-0.11735425880782037,0.07367180580910393,0.0666473929569438,0.07417089679313929,0.08287462435308701,0.06341357596540242,0.06057200189575368,413.489990234375
TSLA,2025-10-20,0.042064918061255216,0.12691079236495734,-0.18066864567002178,0.07549324672477796,0.06304036317212357,0.07097708989182284,0.08639168841162304,0.047171551480707764,-0.012806141234173351,439.30999755859375
TSLA,2025-10-27,0.049036470661470134,0.10887623636932756,-0.1455937839718892,0.06901729195247039,0.062363359825133816,0.06578428816354875,0.08203622387600806,0.07555145623505753,0.051320953462581594,433.7200012207031
TSLA,2025-11-03,0.05828911297277406,0.1289997242185806,-0.18820745549992965,0.07176981558341408,0.06469330731876541,0.06854456753086416,0.0837642551401645,0.0875208734772341,-0.06105184034489741,456.55999755859375
TSLA,2025-11-10,0.048268133201207174,0.09563115702630116,-0.12183293191424682,0.07171219847372606,0.06924479063572038,0.07406756757103206,0.08472891796854609,0.08149952431375342,-0.060387425899695174,429.5199890136719
TSLA,2025-11-17,0.056887525458079534,0.08717457531155466,-0.09058025090023349,0.07590061076001903,0.0725946364589965,0.07631093681842442,0.08753172569046182,0.033505533429999,-0.033343151473948535,404.3500061035156
TSLA,2025-11-24,0.0680206894678195,0.08507156038309266,-0.08810795526272984,0.07362333965235933,0.07107393444919587,0.06761993251131349,0.08427319263426339,0.06878692578264628,0.09517306798536387,391.0899963378906
TSLA,2025-12-02,0.0744985899237208,0.090894439083601,-0.11393380206740171,0.07250893585196669,0.07177521045175073,0.06689274644223,0.08373715761417819,0.05558652726928838,0.021708923894509534,430.1400146484375
TSLA,2025-12-09,0.06953471472669759,0.0773284501602939,-0.09246509006574949,0.06398909653543686,0.0687276248623835,0.06419077628829273,0.08237919912737214,0.04893390245272461,0.07814752256337106,439.5799865722656
TSLA,2025-12-16,0.05008557946703122,0.10291347785061644,-0.15577126600316277,0.051379718386621025,0.06832032151522698,0.06084517320619699,0.08096337614266008,0.06750432531596239,0.027842994619766154,475.30999755859375
TSLA,2025-12-23,0.06076865768552142,0.1316898463590829,-0.20360311612474555,0.056868398756993004,0.0675462338926211,0.06221286916727785,0.08103357480820916,0.04160891591312831,-0.07276634198849972,488.7300109863281
TSLA,2025-12-31,0.06813139871605,0.10385128160888059,-0.1228266705819634,0.05530214227830189,0.06614869704296626,0.057641460183093726,0.07910770512091884,0.059454565477184064,-0.05198494771886491,454.42999267578125
TSLA,2026-01-08,0.0589552899805758,0.08568770833342718,-0.05935811173441944,0.05666129667612933,0.06337149564376476,0.05825485922714501,0.07810393064140471,0.030971513032160464,0.017895995470944132,431.4100036621094
TSLA,2026-01-15,0.050304567750631614,0.06804373039450558,-0.055438034485906035,0.05249077267501283,0.06131062829073526,0.05242167793556599,0.07418202649873995,0.0655834545815454,0.022869397636623715,439.20001220703125
TSLA,2026-01-23,0.06832277241804757,0.07803257377033004,-0.08509284483116233,0.05174301334101942,0.0627148771809043,0.05682176046591162,0.07577831033511577,0.04815312682598096,-0.07579381263196297,449.3599853515625
TSLA,2026-01-30,0.04879263431388651,0.08026244237408366,0.013656970109887347,0.05315178565500722,0.060297805430824955,0.054884329301835025,0.07392846288954495,0.05867046756501971,-0.04756541641838488,416.55999755859375
TSLA,2026-02-06,0.06357841606376906,0.06880852594526062,0.03969551926513138,0.05301510319805302,0.05728552256008394,0.055876716624587305,0.07360107879406501,0.05012284942617926,0.04878900440410653,397.2099914550781
TSLA,2026-02-13,0.041398054188713514,0.05762577371510194,0.017731821433806545,0.05721793094272428,0.05421185252668022,0.05425111237039985,0.07102648529876911,0.016586727815264414,-0.012667712514489386,417.07000732421875
TSLA,2026-02-23,0.05383367391265073,0.062111568184208064,0.019736839416711966,0.04636197420309236,0.05352279927047874,0.04718998842531361,0.06571195415429003,0.0498674413032657,-0.022866412932691222,411.82000732421875
TSLA,2026-03-02,0.0824443151681076,0.07144373808590038,0.03716722932481023,0.047731553040787876,0.0516912775641323,0.04767361611640015,0.06129335228584388,0.048819189583594304,-0.014463989282012401,402.510009765625
TSLA,2026-03-09,0.07665657154540008,0.09306797483212527,-0.0282951994249488,0.044889986723573104,0.05102429806248137,0.04797734335666746,0.061779518405402564,0.039882667333697185,-0.014037006885567468,396.7300109863281
TSLA,2026-03-16,0.05215209443174947,0.07071728706530493,0.08760012705498015,0.041456371572352185,0.0499663952575487,0.0461540053842008,0.056492779203459985,0.05108082682620619,-0.061244755978193725,391.20001220703125
TSLA,2026-03-23,0.08954836783842049,0.08835730074631713,0.030561374794703458,0.04711653528737863,0.04765890170782024,0.04802029944444944,0.05468857780937677,0.05825985117592802,-0.01679976223389165,367.9599914550781
TSLA,2026-03-30,0.0989953589534545,0.08917836878921108,-0.011786279333417448,0.04976207661361699,0.049525196325305804,0.05102228003434198,0.052888187291822285,0.08128192457137037,-0.025216418525304082,361.8299865722656
TSLA,2026-04-07,0.08764117854756692,0.07787238651663947,0.005330445656480288,0.059632424871606735,0.05224265375472875,0.06070789709332321,0.06017024716646496,0.025408837404179707,-0.0011343483852455228,352.82000732421875
TSLA,2026-04-14,0.08840670440220146,0.07740951013816537,-0.022285350126422517,0.057835753444688706,0.05187864806686579,0.053545162079187664,0.05361072603353094,0.0885159905542555,0.10771285298036858,352.4200134277344
TSLA,2026-04-21,0.09368508157420302,0.07036496196479196,0.006049196224693175,0.0693451255072572,0.05507692978706613,0.06397742743248734,0.0624182992752639,0.0406370660496673,-0.03587138837106594,392.5
TSLA,2026-04-28,0.0776166694869405,0.07057427939941627,-0.009239735936567767,0.06616435242781116,0.05468015066777358,0.05861117455788783,0.05963340423197778,0.035442021211330256,0.03589689063346021,378.6700134277344
TSLA,2026-05-05,0.07324384867807077,0.07089913958482531,-0.009148383585944829,0.05336068159431777,0.05307826833795395,0.05349165156827095,0.06250714006739617,0.06838252154696227,0.12551224268138286,392.510009765625
TSLA,2026-05-12,0.053602342869719925,0.06094827652766914,-0.013202481956874438,0.057807452101083956,0.05472610793404473,0.05836112020814299,0.06389206142071596,0.06834402338348337,-0.08194153682841485,445.0
TSLA,2026-05-19,0.05716804149963767,0.06300792611603181,0.052199847912956523,0.05656749885600199,0.05808078559211319,0.0614375878537759,0.06473956973187324,0.04383157947223415,0.05596663334501578,409.989990234375
TSLA,2026-05-27,0.03949362522709189,0.05564866161127568,0.040712360363699,0.055268001309971455,0.057599161080714376,0.05722373318133407,0.06404727020403021,0.05476910773832755,-0.0229793421329636,433.5899963378906
TSLA,2026-06-03,0.05612218568824407,0.06041885759258103,0.03839170747492735,0.06064322099728222,0.0580653293799778,0.05691704037548968,0.060518009044031214,0.08775970041805783,-0.0659901446957499,423.739990234375
TSLA,2026-06-10,0.05583234194288799,0.07563294898238357,0.07362671430187231,0.06615954088012418,0.06241257417035286,0.06696925303725582,0.06448057263089335,0.06512636675972074,0.019917325546763485,396.67999267578125
TSLA,2026-06-17,0.059328083815064256,0.06774441693560822,0.06683200642991083,0.06660075397511182,0.06341259643655056,0.0659361120301792,0.06388301206540435,0.06688394115849837,-0.07470885916326346,404.6600036621094
TSLA,2026-06-25,0.09993747939059353,0.08338895230820749,-0.04665280071173302,0.06955301624653043,0.06421398097328407,0.06656921120040114,0.06308311404541064,0.08551859203598035,0.12445641531979351,375.5299987792969
TSLA,2026-07-02,0.06068240191572773,0.06308727281178496,0.04030740029095562,0.07902268936147241,0.06431150046371754,0.07211582026804543,0.06720911123898363,0.11576050446217331,-0.04508788092947916,425.29998779296875
TSLA,2026-07-10,0.09889871389902079,0.08591993178440281,0.036482492204342507,0.08795726797565517,0.07236961386816479,0.08461338631634675,0.0756594778476767,0.03413802352840698,-0.03884589797286114,406.54998779296875
TSLA,2026-07-17,0.08047094768992787,0.06707595187238484,0.00447435921715736,0.08318393588780977,0.06856347982076193,0.07450783646313261,0.07126389056528178,0.16439969065752244,-0.20150921076606743,391.05999755859375
TSLA,2026-07-24,0.06590593994709566,0.08873470497783782,0.031047502214438673,0.11193366581178353,0.08252865334329422,0.10985856094299595,0.0967243338477519,0.05231292032131142,-0.03449604198503455,319.69000244140625
TSLA,2026-07-31,0.04294301154780284,0.07460084705974311,0.04561682697572011,0.10158189561788733,0.08304082327008576,0.09811112390466523,0.08977628702770973,0.04312012219312814,0.033995420398896734,308.8500061035156
